[
{
  "model": "auth.permission",
  "pk": 1,
  "fields": {
    "name": "Can add log entry",
    "content_type": 1,
    "codename": "add_logentry"
  }
},
{
  "model": "auth.permission",
  "pk": 2,
  "fields": {
    "name": "Can change log entry",
    "content_type": 1,
    "codename": "change_logentry"
  }
},
{
  "model": "auth.permission",
  "pk": 3,
  "fields": {
    "name": "Can delete log entry",
    "content_type": 1,
    "codename": "delete_logentry"
  }
},
{
  "model": "auth.permission",
  "pk": 4,
  "fields": {
    "name": "Can view log entry",
    "content_type": 1,
    "codename": "view_logentry"
  }
},
{
  "model": "auth.permission",
  "pk": 5,
  "fields": {
    "name": "Can add permission",
    "content_type": 2,
    "codename": "add_permission"
  }
},
{
  "model": "auth.permission",
  "pk": 6,
  "fields": {
    "name": "Can change permission",
    "content_type": 2,
    "codename": "change_permission"
  }
},
{
  "model": "auth.permission",
  "pk": 7,
  "fields": {
    "name": "Can delete permission",
    "content_type": 2,
    "codename": "delete_permission"
  }
},
{
  "model": "auth.permission",
  "pk": 8,
  "fields": {
    "name": "Can view permission",
    "content_type": 2,
    "codename": "view_permission"
  }
},
{
  "model": "auth.permission",
  "pk": 9,
  "fields": {
    "name": "Can add group",
    "content_type": 3,
    "codename": "add_group"
  }
},
{
  "model": "auth.permission",
  "pk": 10,
  "fields": {
    "name": "Can change group",
    "content_type": 3,
    "codename": "change_group"
  }
},
{
  "model": "auth.permission",
  "pk": 11,
  "fields": {
    "name": "Can delete group",
    "content_type": 3,
    "codename": "delete_group"
  }
},
{
  "model": "auth.permission",
  "pk": 12,
  "fields": {
    "name": "Can view group",
    "content_type": 3,
    "codename": "view_group"
  }
},
{
  "model": "auth.permission",
  "pk": 13,
  "fields": {
    "name": "Can add user",
    "content_type": 4,
    "codename": "add_user"
  }
},
{
  "model": "auth.permission",
  "pk": 14,
  "fields": {
    "name": "Can change user",
    "content_type": 4,
    "codename": "change_user"
  }
},
{
  "model": "auth.permission",
  "pk": 15,
  "fields": {
    "name": "Can delete user",
    "content_type": 4,
    "codename": "delete_user"
  }
},
{
  "model": "auth.permission",
  "pk": 16,
  "fields": {
    "name": "Can view user",
    "content_type": 4,
    "codename": "view_user"
  }
},
{
  "model": "auth.permission",
  "pk": 17,
  "fields": {
    "name": "Can add content type",
    "content_type": 5,
    "codename": "add_contenttype"
  }
},
{
  "model": "auth.permission",
  "pk": 18,
  "fields": {
    "name": "Can change content type",
    "content_type": 5,
    "codename": "change_contenttype"
  }
},
{
  "model": "auth.permission",
  "pk": 19,
  "fields": {
    "name": "Can delete content type",
    "content_type": 5,
    "codename": "delete_contenttype"
  }
},
{
  "model": "auth.permission",
  "pk": 20,
  "fields": {
    "name": "Can view content type",
    "content_type": 5,
    "codename": "view_contenttype"
  }
},
{
  "model": "auth.permission",
  "pk": 21,
  "fields": {
    "name": "Can add session",
    "content_type": 6,
    "codename": "add_session"
  }
},
{
  "model": "auth.permission",
  "pk": 22,
  "fields": {
    "name": "Can change session",
    "content_type": 6,
    "codename": "change_session"
  }
},
{
  "model": "auth.permission",
  "pk": 23,
  "fields": {
    "name": "Can delete session",
    "content_type": 6,
    "codename": "delete_session"
  }
},
{
  "model": "auth.permission",
  "pk": 24,
  "fields": {
    "name": "Can view session",
    "content_type": 6,
    "codename": "view_session"
  }
},
{
  "model": "auth.permission",
  "pk": 25,
  "fields": {
    "name": "Can add category",
    "content_type": 7,
    "codename": "add_category"
  }
},
{
  "model": "auth.permission",
  "pk": 26,
  "fields": {
    "name": "Can change category",
    "content_type": 7,
    "codename": "change_category"
  }
},
{
  "model": "auth.permission",
  "pk": 27,
  "fields": {
    "name": "Can delete category",
    "content_type": 7,
    "codename": "delete_category"
  }
},
{
  "model": "auth.permission",
  "pk": 28,
  "fields": {
    "name": "Can view category",
    "content_type": 7,
    "codename": "view_category"
  }
},
{
  "model": "auth.permission",
  "pk": 29,
  "fields": {
    "name": "Can add types",
    "content_type": 8,
    "codename": "add_types"
  }
},
{
  "model": "auth.permission",
  "pk": 30,
  "fields": {
    "name": "Can change types",
    "content_type": 8,
    "codename": "change_types"
  }
},
{
  "model": "auth.permission",
  "pk": 31,
  "fields": {
    "name": "Can delete types",
    "content_type": 8,
    "codename": "delete_types"
  }
},
{
  "model": "auth.permission",
  "pk": 32,
  "fields": {
    "name": "Can view types",
    "content_type": 8,
    "codename": "view_types"
  }
},
{
  "model": "auth.permission",
  "pk": 33,
  "fields": {
    "name": "Can add product",
    "content_type": 9,
    "codename": "add_product"
  }
},
{
  "model": "auth.permission",
  "pk": 34,
  "fields": {
    "name": "Can change product",
    "content_type": 9,
    "codename": "change_product"
  }
},
{
  "model": "auth.permission",
  "pk": 35,
  "fields": {
    "name": "Can delete product",
    "content_type": 9,
    "codename": "delete_product"
  }
},
{
  "model": "auth.permission",
  "pk": 36,
  "fields": {
    "name": "Can view product",
    "content_type": 9,
    "codename": "view_product"
  }
},
{
  "model": "auth.permission",
  "pk": 37,
  "fields": {
    "name": "Can add order",
    "content_type": 10,
    "codename": "add_order"
  }
},
{
  "model": "auth.permission",
  "pk": 38,
  "fields": {
    "name": "Can change order",
    "content_type": 10,
    "codename": "change_order"
  }
},
{
  "model": "auth.permission",
  "pk": 39,
  "fields": {
    "name": "Can delete order",
    "content_type": 10,
    "codename": "delete_order"
  }
},
{
  "model": "auth.permission",
  "pk": 40,
  "fields": {
    "name": "Can view order",
    "content_type": 10,
    "codename": "view_order"
  }
},
{
  "model": "auth.permission",
  "pk": 41,
  "fields": {
    "name": "Can add order item",
    "content_type": 11,
    "codename": "add_orderitem"
  }
},
{
  "model": "auth.permission",
  "pk": 42,
  "fields": {
    "name": "Can change order item",
    "content_type": 11,
    "codename": "change_orderitem"
  }
},
{
  "model": "auth.permission",
  "pk": 43,
  "fields": {
    "name": "Can delete order item",
    "content_type": 11,
    "codename": "delete_orderitem"
  }
},
{
  "model": "auth.permission",
  "pk": 44,
  "fields": {
    "name": "Can view order item",
    "content_type": 11,
    "codename": "view_orderitem"
  }
},
{
  "model": "auth.permission",
  "pk": 45,
  "fields": {
    "name": "Can add coupon",
    "content_type": 12,
    "codename": "add_coupon"
  }
},
{
  "model": "auth.permission",
  "pk": 46,
  "fields": {
    "name": "Can change coupon",
    "content_type": 12,
    "codename": "change_coupon"
  }
},
{
  "model": "auth.permission",
  "pk": 47,
  "fields": {
    "name": "Can delete coupon",
    "content_type": 12,
    "codename": "delete_coupon"
  }
},
{
  "model": "auth.permission",
  "pk": 48,
  "fields": {
    "name": "Can view coupon",
    "content_type": 12,
    "codename": "view_coupon"
  }
},
{
  "model": "contenttypes.contenttype",
  "pk": 1,
  "fields": {
    "app_label": "admin",
    "model": "logentry"
  }
},
{
  "model": "contenttypes.contenttype",
  "pk": 2,
  "fields": {
    "app_label": "auth",
    "model": "permission"
  }
},
{
  "model": "contenttypes.contenttype",
  "pk": 3,
  "fields": {
    "app_label": "auth",
    "model": "group"
  }
},
{
  "model": "contenttypes.contenttype",
  "pk": 4,
  "fields": {
    "app_label": "auth",
    "model": "user"
  }
},
{
  "model": "contenttypes.contenttype",
  "pk": 5,
  "fields": {
    "app_label": "contenttypes",
    "model": "contenttype"
  }
},
{
  "model": "contenttypes.contenttype",
  "pk": 6,
  "fields": {
    "app_label": "sessions",
    "model": "session"
  }
},
{
  "model": "contenttypes.contenttype",
  "pk": 7,
  "fields": {
    "app_label": "shop",
    "model": "category"
  }
},
{
  "model": "contenttypes.contenttype",
  "pk": 8,
  "fields": {
    "app_label": "shop",
    "model": "types"
  }
},
{
  "model": "contenttypes.contenttype",
  "pk": 9,
  "fields": {
    "app_label": "shop",
    "model": "product"
  }
},
{
  "model": "contenttypes.contenttype",
  "pk": 10,
  "fields": {
    "app_label": "orders",
    "model": "order"
  }
},
{
  "model": "contenttypes.contenttype",
  "pk": 11,
  "fields": {
    "app_label": "orders",
    "model": "orderitem"
  }
},
{
  "model": "contenttypes.contenttype",
  "pk": 12,
  "fields": {
    "app_label": "coupons",
    "model": "coupon"
  }
},
{
  "model": "sessions.session",
  "pk": "ukc6f3x8wh5deoa4x795wyosrd1i6d9y",
  "fields": {
    "session_data": ".eJxVjDsOgzAQBe-ydWSBPxhTps8Z0NrrDSSRLWFTIe4ekGho38y8DQIuFYZtf8CIa53GtcRlnAkGaOG2eQzfmE5AH0zvLEJOdZm9OBVx0SJemeLvebm3gwnLdNRd45lYOmcbbS2zldoqg8qhYRc76TWFnvvmYBi9JGtM2_VIRjvWslWw_wElVzrh:1qqTDQ:pF3in4aDHDoiqzqbmT2hE43MQ6Z58UL6mpvCauMVt2Q",
    "expire_date": "2023-10-25T07:01:08.254Z"
  }
},
{
  "model": "sessions.session",
  "pk": "yxwpagse3r92i46k0m4gkekzwnlnyq07",
  "fields": {
    "session_data": ".eJxVjkEOgyAURO_C2hD8gojL7nsG8-FDtW3AoK6Mdy82LtrtvJnJ29mA2zoO2-LzMBHrWc2q38yie_l4AnpifCTuUlzzZPlZ4Rdd-D2Rf9-u7t_BiMtY1q2wgQIYo4XUOgQNUjcKG4MqGN-CleS60InC0FsgrVTddkhKmiChbsqpS9uc4tcSKpYyXcogCsO8sn4_jg8ICEPR:1qrJ4F:cnX9VeI4RfwCDCScPiLmwIRleeElND_Zcn1OJoWE438",
    "expire_date": "2023-10-27T14:23:07.753Z"
  }
},
{
  "model": "shop.category",
  "pk": 1,
  "fields": {
    "name": "Роллы",
    "slug": "rolly",
    "svg": "<svg width=\"40\" height=\"40\" viewBox=\"0 0 40 40\" fill=\"none\" xmlns=\"http://www.w3.org/2000/svg\">\r\n<path d=\"M16.8487 17.1752C15.4828 16.0596 13.7404 15.5117 11.9819 15.6446C10.2233 15.7775 8.58309 16.5811 7.40034 17.8893C6.2176 19.1974 5.58279 20.9101 5.62718 22.6731C5.67157 24.4361 6.39177 26.1146 7.63886 27.3616L7.63949 27.3625C8.29867 28.0208 9.08478 28.5383 9.95007 28.8835C10.8154 29.2287 11.7418 29.3945 12.6731 29.3707C13.6044 29.3469 14.5212 29.1341 15.3677 28.7452C16.2143 28.3563 16.9729 27.7993 17.5977 27.1083C18.2224 26.4172 18.7001 25.6063 19.0019 24.7249C19.3037 23.8435 19.4232 22.91 19.3531 21.9811C19.2831 21.0521 19.025 20.147 18.5945 19.3209C18.164 18.4947 17.57 17.7646 16.8487 17.175V17.1752ZM12.7359 21.5581C12.5923 20.7131 12.2574 19.9122 11.7568 19.2165C11.2562 18.5207 10.6032 17.9486 9.84774 17.5439C10.9443 16.9681 12.1991 16.7667 13.4208 16.9706C14.6425 17.1745 15.7639 17.7724 16.614 18.6731C16.3241 19.4827 15.8012 20.1886 15.1112 20.7019C14.4211 21.2152 13.5948 21.5131 12.7359 21.5581V21.5581ZM7.52036 25.1172C6.9502 24.0259 6.75322 22.7779 6.95953 21.564C7.16585 20.3502 7.76411 19.2373 8.6628 18.3957C12.503 19.6943 12.5024 25.2933 8.67292 26.6137C8.20285 26.1873 7.81255 25.6805 7.52036 25.1172V25.1172ZM16.478 26.4778C15.6221 27.331 14.5145 27.8864 13.3188 28.0619C12.1231 28.2375 10.9026 28.024 9.83755 27.4528C10.6946 27.0028 11.4192 26.3367 11.9396 25.5206C12.4601 24.7044 12.7584 23.7665 12.805 22.7996C13.7704 22.7523 14.7068 22.4543 15.5219 21.9348C16.337 21.4152 17.0026 20.6923 17.4531 19.8371C18.0243 20.9022 18.2379 22.1227 18.0623 23.3185C17.8867 24.5143 17.3313 25.6219 16.478 26.4778Z\" fill=\"#272525\"/>\r\n<path d=\"M27.4996 6.87501C25.4288 6.87255 23.4028 7.47861 21.6735 8.6179C19.9442 9.75718 18.5878 11.3795 17.7728 13.2832C10.8265 9.20044 1.78882 14.4281 1.87463 22.5C2.04582 34.0104 17.5078 37.2156 22.2438 26.7313C29.1824 30.7676 38.2069 25.5808 38.1246 17.5C38.1113 14.6862 36.9876 11.9914 34.9979 10.0017C33.0082 8.01199 30.3135 6.8883 27.4996 6.87501V6.87501ZM19.1286 29.129C13.2656 35.0117 3.11032 30.8036 3.12463 22.5C3.05263 15.0848 11.5897 10.5375 17.7026 14.6983C18.8003 15.4305 19.7304 16.3869 20.4318 17.5044C21.1333 18.622 21.5901 19.8754 21.7722 21.1823C21.9769 22.6211 21.8447 24.0879 21.3859 25.4669C20.9271 26.8459 20.1543 28.0996 19.1284 29.129H19.1286ZM22.5459 14.8353C22.9975 15.6905 23.6636 16.4139 24.4788 16.9344C25.294 17.4549 26.2304 17.7547 27.1964 17.8045C27.2447 18.7701 27.5436 19.7064 28.0636 20.5215C28.5837 21.3365 29.307 22.002 30.1623 22.4526C28.9756 23.0874 27.6008 23.2763 26.2869 22.985C24.973 22.6937 23.8068 21.9415 22.9996 20.8646C22.8197 19.6914 22.4427 18.557 21.8846 17.5094C21.8786 16.5768 22.106 15.6575 22.5459 14.8352V14.8353ZM23.5167 13.5283C24.0519 12.9975 24.6879 12.5793 25.3873 12.2981C26.0866 12.0169 26.8351 11.8785 27.5887 11.891C28.3424 11.9036 29.0859 12.0667 29.7755 12.371C30.4651 12.6752 31.0869 13.1144 31.6042 13.6626C30.3423 17.4786 24.6946 17.5083 23.386 13.6728C23.4301 13.625 23.4704 13.5746 23.5167 13.5282V13.5283ZM32.0278 20.8263C31.8246 21.1145 31.5895 21.3787 31.3269 21.6138C30.5172 21.3239 29.8112 20.8012 29.2978 20.1112C28.7844 19.4212 28.4864 18.5948 28.4414 17.7359C29.2861 17.5913 30.0866 17.256 30.7823 16.7556C31.4779 16.2551 32.0503 15.6026 32.4559 14.8477C32.9482 15.7853 33.1689 16.8417 33.0933 17.898C33.0177 18.9543 32.6486 19.9684 32.0278 20.8263ZM34.1286 24.129C32.6497 25.6041 30.7211 26.5439 28.648 26.7996C26.5749 27.0552 24.4758 26.6123 22.6828 25.5407C22.9384 24.6464 23.0845 23.7243 23.1178 22.7947C29.6476 27.934 37.9388 19.6388 32.7996 13.1238C32.1885 12.3873 31.4306 11.7861 30.5743 11.3587C29.7179 10.9313 28.782 10.687 27.826 10.6413C26.87 10.5957 25.915 10.7497 25.0218 11.0936C24.1286 11.4374 23.3169 11.9636 22.6384 12.6386L22.6378 12.6389C21.7464 13.541 21.1192 14.6701 20.8244 15.9036C20.2453 15.1736 19.5736 14.5223 18.8261 13.9661C21.1765 7.82563 29.5768 6.13926 34.1287 10.8711C35.8761 12.6349 36.8564 15.0173 36.8564 17.5001C36.8564 19.9829 35.876 22.3652 34.1286 24.129Z\" fill=\"#272525\"/>\r\n<path d=\"M14.375 23.75C14.2092 23.75 14.0503 23.8158 13.9331 23.9331C13.8158 24.0503 13.75 24.2092 13.75 24.375C13.75 24.5408 13.8158 24.6997 13.9331 24.8169C14.0503 24.9342 14.2092 25 14.375 25C14.5408 25 14.6997 24.9342 14.8169 24.8169C14.9342 24.6997 15 24.5408 15 24.375C15 24.2092 14.9342 24.0503 14.8169 23.9331C14.6997 23.8158 14.5408 23.75 14.375 23.75Z\" fill=\"#272525\"/>\r\n<path d=\"M25.625 20C25.7908 20 25.9497 19.9342 26.0669 19.8169C26.1842 19.6997 26.25 19.5408 26.25 19.375C26.25 19.2092 26.1842 19.0503 26.0669 18.9331C25.9497 18.8158 25.7908 18.75 25.625 18.75C25.4592 18.75 25.3003 18.8158 25.1831 18.9331C25.0658 19.0503 25 19.2092 25 19.375C25 19.5408 25.0658 19.6997 25.1831 19.8169C25.3003 19.9342 25.4592 20 25.625 20Z\" fill=\"#272525\"/>\r\n</svg>"
  }
},
{
  "model": "shop.category",
  "pk": 2,
  "fields": {
    "name": "Суши",
    "slug": "sushi",
    "svg": "<svg width=\"40\" height=\"40\" viewBox=\"0 0 40 40\" fill=\"none\" xmlns=\"http://www.w3.org/2000/svg\">\r\n<path d=\"M20.4838 17.6572C20.4468 17.6202 20.4029 17.5909 20.3546 17.5709C20.3062 17.5508 20.2544 17.5405 20.2021 17.5405C20.1498 17.5405 20.098 17.5508 20.0496 17.5709C20.0013 17.5909 19.9574 17.6202 19.9204 17.6572C19.8834 17.6942 19.8541 17.7381 19.834 17.7865C19.814 17.8348 19.8037 17.8866 19.8037 17.9389C19.8037 17.9912 19.814 18.043 19.834 18.0914C19.8541 18.1397 19.8834 18.1836 19.9204 18.2206L20.7073 19.0076C20.7443 19.0446 20.7883 19.0739 20.8366 19.0939C20.8849 19.114 20.9367 19.1243 20.9891 19.1243C21.0414 19.1243 21.0932 19.114 21.1415 19.0939C21.1898 19.0739 21.2338 19.0446 21.2708 19.0076C21.3078 18.9706 21.3371 18.9267 21.3571 18.8783C21.3771 18.83 21.3874 18.7782 21.3874 18.7259C21.3874 18.6736 21.3771 18.6218 21.3571 18.5734C21.3371 18.5251 21.3078 18.4812 21.2708 18.4442L20.4838 17.6572Z\" fill=\"#272525\"/>\r\n<path d=\"M24.4536 19.9487C24.4168 19.9109 24.3728 19.8808 24.3243 19.8601C24.2757 19.8393 24.2235 19.8285 24.1707 19.8281C24.1179 19.8278 24.0656 19.8379 24.0168 19.8579C23.9679 19.878 23.9236 19.9075 23.8862 19.9448C23.8489 19.9822 23.8194 20.0265 23.7993 20.0754C23.7793 20.1242 23.7692 20.1765 23.7695 20.2293C23.7699 20.2821 23.7808 20.3343 23.8015 20.3828C23.8222 20.4314 23.8523 20.4754 23.8902 20.5122L24.6771 21.2991C24.7522 21.3721 24.853 21.4127 24.9577 21.4119C25.0624 21.4112 25.1626 21.3693 25.2367 21.2952C25.3107 21.2212 25.3526 21.121 25.3533 21.0163C25.3541 20.9116 25.3135 20.8108 25.2405 20.7357L24.4536 19.9487Z\" fill=\"#272525\"/>\r\n<path d=\"M8.62541 24.0845C8.5507 24.0097 8.44937 23.9678 8.34371 23.9678C8.23805 23.9678 8.13671 24.0097 8.062 24.0845C7.98729 24.1592 7.94531 24.2605 7.94531 24.3662C7.94531 24.4718 7.98729 24.5732 8.062 24.6479L8.84895 25.4346C8.88595 25.4716 8.92987 25.501 8.9782 25.521C9.02654 25.541 9.07834 25.5513 9.13066 25.5513C9.18298 25.5513 9.23478 25.541 9.28312 25.521C9.33145 25.501 9.37537 25.4716 9.41237 25.4346C9.44936 25.3976 9.47871 25.3537 9.49873 25.3054C9.51875 25.257 9.52905 25.2052 9.52905 25.1529C9.52905 25.1006 9.51875 25.0488 9.49873 25.0005C9.47871 24.9521 9.44936 24.9082 9.41237 24.8712L8.62541 24.0845Z\" fill=\"#272525\"/>\r\n<path d=\"M12.5942 26.376C12.5572 26.339 12.5132 26.3096 12.4649 26.2896C12.4166 26.2696 12.3648 26.2593 12.3125 26.2593C12.2601 26.2593 12.2083 26.2696 12.16 26.2896C12.1117 26.3096 12.0677 26.339 12.0307 26.376C11.9938 26.413 11.9644 26.4569 11.9444 26.5052C11.9244 26.5536 11.9141 26.6054 11.9141 26.6577C11.9141 26.71 11.9244 26.7618 11.9444 26.8101C11.9644 26.8585 11.9938 26.9024 12.0308 26.9394L12.8177 27.7263C12.8547 27.7633 12.8986 27.7927 12.947 27.8127C12.9953 27.8327 13.0471 27.843 13.0994 27.843C13.1517 27.843 13.2035 27.8327 13.2519 27.8127C13.3002 27.7927 13.3441 27.7633 13.3811 27.7263C13.4181 27.6893 13.4475 27.6454 13.4675 27.5971C13.4875 27.5487 13.4978 27.4969 13.4978 27.4446C13.4978 27.3923 13.4875 27.3405 13.4675 27.2922C13.4475 27.2438 13.4181 27.1999 13.3811 27.1629L12.5942 26.376Z\" fill=\"#272525\"/>\r\n<path d=\"M38.3406 19.32V19.3198C37.271 17.7228 34.2442 13.6977 29.2503 10.8217C22.8761 7.15095 19.6152 8.94897 19.4795 9.02699L13.598 12.4228C13.3636 12.5579 13.1853 12.7725 13.0954 13.0277C13.0056 13.2829 13.0101 13.5619 13.1082 13.814C13.2063 14.0662 13.3915 14.2748 13.6303 14.4022C13.869 14.5295 14.1454 14.5671 14.4095 14.5082C14.9124 14.4031 15.4259 14.3578 15.9394 14.3734C15.7196 14.9018 15.6059 15.4684 15.6048 16.0407C15.6048 16.1373 15.6134 16.2324 15.6212 16.3277C10.4138 13.9128 7.74347 15.3836 7.62111 15.4543L1.73969 18.8502C1.50524 18.9852 1.32694 19.1998 1.23709 19.455C1.14723 19.7102 1.15178 19.9892 1.24989 20.2413C1.34801 20.4935 1.5332 20.7021 1.77192 20.8295C2.01064 20.9569 2.28708 20.9945 2.55115 20.9356C3.05401 20.8304 3.56757 20.7851 4.08108 20.8006C3.67391 21.7785 3.63707 22.8713 3.97744 23.8744C4.31782 24.8775 5.01209 25.7221 5.9303 26.2503L13.8701 30.8344C14.5344 31.2165 15.2873 31.4175 16.0537 31.4175C16.82 31.4175 17.573 31.2165 18.2373 30.8344L18.9801 30.4056C19.3385 30.8874 19.8615 31.2206 20.4495 31.3419C21.0376 31.4633 21.6497 31.3642 22.1695 31.0636L26.1362 28.7734C26.3877 28.6277 26.5966 28.4185 26.7419 28.1668C26.8872 27.9151 26.9639 27.6297 26.9644 27.339C26.9655 26.7723 26.7976 26.2181 26.4823 25.7472C26.2193 25.3546 25.8367 24.8141 25.3371 24.1813L25.7285 24.4072C26.3928 24.7892 27.1457 24.9902 27.9121 24.9902C28.6784 24.9902 29.4313 24.7892 30.0957 24.4072L30.8385 23.9783C31.1969 24.4601 31.7198 24.7933 32.3079 24.9147C32.896 25.036 33.5081 24.9369 34.0279 24.6364L37.9945 22.346C38.246 22.2003 38.4549 21.9912 38.6002 21.7395C38.7455 21.4878 38.8223 21.2023 38.8227 20.9117C38.8238 20.345 38.6559 19.7909 38.3406 19.32ZM35.9918 17.5414C36.357 17.9743 36.6766 18.3773 36.9467 18.7368H27.0173C26.5482 18.3356 26.0486 17.9353 25.5186 17.5414H35.9918ZM33.8263 15.2483H21.8313C20.8749 14.7592 19.8755 14.3591 18.8459 14.053H32.4813C32.9602 14.4519 33.4086 14.8519 33.8263 15.2483H33.8263ZM18.4107 10.5643H27.0127C27.5912 10.8272 28.2031 11.1383 28.8527 11.5124C28.9925 11.5929 29.1252 11.6773 29.2619 11.7596H16.3404L18.4107 10.5643ZM6.55236 16.9917H15.1511C15.7311 17.2542 16.3441 17.5651 16.9943 17.9395C17.1341 18.0201 17.2671 18.1046 17.4038 18.187H4.48204L6.55236 16.9917ZM9.97254 21.6754C9.01606 21.1863 8.01663 20.7862 6.98689 20.4801H20.6227C21.1016 20.8791 21.5501 21.279 21.9678 21.6754H9.97254ZM24.1334 23.9686C24.4985 24.4013 24.818 24.8044 25.0883 25.1639H15.1587C14.6897 24.7627 14.19 24.3624 13.6599 23.9686H24.1334ZM17.8389 30.1442C17.2958 30.4566 16.6802 30.621 16.0537 30.621C15.4272 30.621 14.8116 30.4566 14.2685 30.1442L6.3287 25.56C5.53665 25.1066 4.94977 24.3654 4.69003 23.4905C4.43029 22.6155 4.51766 21.6742 4.93398 20.862C6.37676 21.0332 8.31048 21.5931 10.7454 22.999C14.4612 25.1442 17.0599 27.9551 18.4908 29.7678L17.8389 30.1442ZM26.1518 27.4571C26.1349 27.586 26.0888 27.7094 26.0171 27.8179C25.9453 27.9264 25.8498 28.0171 25.7378 28.0831L24.7519 28.6524H18.6102C18.2969 28.278 17.9456 27.8771 17.5538 27.4571H26.1518ZM29.6973 23.7168C29.1542 24.0293 28.5386 24.1937 27.9121 24.1937C27.2855 24.1937 26.67 24.0293 26.1269 23.7168L23.7594 22.35C22.2081 20.6896 20.0897 18.8026 17.392 17.2488C17.0785 17.0683 16.7748 16.9047 16.4764 16.7498C16.4273 16.5166 16.4022 16.279 16.4017 16.0407C16.4044 15.4822 16.5382 14.9321 16.7923 14.4347C18.2352 14.6059 20.169 15.1658 22.6037 16.5716C26.3191 18.7165 28.9181 21.5277 30.3492 23.3405L29.6973 23.7168ZM37.5961 21.6558L36.6097 22.2252H30.4687C30.1555 21.8508 29.8042 21.45 29.4123 21.0299H38.01C37.9931 21.1588 37.9471 21.2822 37.8753 21.3906C37.8036 21.4991 37.7081 21.5898 37.5961 21.6558Z\" fill=\"#272525\"/>\r\n</svg>"
  }
},
{
  "model": "shop.category",
  "pk": 3,
  "fields": {
    "name": "Закуски",
    "slug": "zakuski",
    "svg": "<svg width=\"40\" height=\"40\" viewBox=\"0 0 40 40\" fill=\"none\" xmlns=\"http://www.w3.org/2000/svg\">\r\n<path d=\"M34.8015 28.125C35.1519 28.1232 35.4997 28.0643 35.8312 27.9508C37.9091 27.3054 38.7863 24.4992 37.5571 22.7133L36.6802 21.3461L36.6797 21.3457L28.3812 8.4119C28.091 7.94204 27.6855 7.55419 27.2031 7.2852C26.7208 7.0162 26.1777 6.875 25.6255 6.875C25.0732 6.875 24.5301 7.0162 24.0478 7.2852C23.5655 7.55419 23.1599 7.94204 22.8697 8.4119L18.3964 15.3838L17.1312 13.4119C16.8374 12.9467 16.4307 12.5634 15.9488 12.2977C15.467 12.0321 14.9257 11.8928 14.3755 11.8928C13.8252 11.8928 13.284 12.0321 12.8021 12.2977C12.3202 12.5634 11.9135 12.9467 11.6197 13.4119L3.32121 26.3454L3.32077 26.3458L2.44371 27.713C1.21446 29.4988 2.09208 32.306 4.16971 32.9505C4.50123 33.0641 4.84902 33.123 5.19946 33.125C7.42927 33.125 12.1844 33.125 14.3755 33.125C16.5537 33.125 21.3395 33.125 23.5515 33.125C23.9019 33.1232 24.2497 33.0643 24.5812 32.9508C25.0384 32.7777 25.4549 32.512 25.8045 32.1702C26.1541 31.8284 26.4292 31.418 26.6125 30.9648C26.7959 30.5116 26.8835 30.0254 26.8699 29.5366C26.8563 29.0479 26.7418 28.5673 26.5335 28.125H34.8015ZM30.0795 26.875C30.2211 26.3432 30.5343 25.8729 30.9704 25.5372C31.4065 25.2015 31.9412 25.0191 32.4915 25.0182C33.0419 25.0174 33.5771 25.1982 34.0143 25.5325C34.4514 25.8669 34.766 26.3362 34.9092 26.8676C34.8731 26.8695 34.8379 26.875 34.8015 26.875H30.0795ZM36.5846 25.7788C36.4549 26.0177 36.2819 26.2302 36.0743 26.4057C34.9433 22.6531 29.4591 23.0165 28.8067 26.875H26.2817C26.6331 22.4421 31.8906 19.745 35.7049 22.141L36.5049 23.3881C36.7316 23.7427 36.8587 24.1518 36.8727 24.5725C36.8868 24.9932 36.7873 25.4099 36.5846 25.7788ZM7.26883 22.508C9.47384 22.4522 11.6347 23.1321 13.4105 24.4403C12.8168 25.0311 12.2851 25.6811 11.8236 26.3801C10.9166 25.737 9.8774 25.3044 8.7819 25.1138C7.68641 24.9232 6.5622 24.9795 5.49121 25.2785L7.26883 22.508ZM11.2991 31.6095C11.5332 29.0868 12.7133 26.7462 14.6022 25.0578C16.4912 23.3695 18.9491 22.4585 21.4821 22.508C21.5275 22.5787 23.1633 25.1286 23.2596 25.2784C22.1973 24.9885 21.0843 24.9353 19.9991 25.1224C18.9139 25.3096 17.8831 25.7327 16.9793 26.3618C16.0754 26.9909 15.3207 27.8107 14.7683 28.7633C14.2159 29.7159 13.8792 30.7781 13.7821 31.875H11.2846C11.2901 31.7866 11.2913 31.6975 11.2991 31.6095V31.6095ZM19.7893 17.5543C21.5513 17.7407 23.2322 18.3915 24.6604 19.4403C23.8732 20.2064 23.2026 21.0838 22.6701 22.0445C21.9539 20.9283 20.5067 18.673 19.7893 17.5543ZM32.5005 17.5C32.5783 17.5 32.6555 17.5037 32.7321 17.508L34.5097 20.2784C33.5241 20.0094 32.4941 19.9438 31.4823 20.0854C30.4705 20.227 29.4981 20.5729 28.6242 21.1021C27.7502 21.6314 26.9931 22.3328 26.3988 23.1638C25.8045 23.9948 25.3854 24.938 25.1671 25.9361L23.4638 23.2813C24.0736 21.9728 24.9533 20.8081 26.0451 19.8637C27.8493 18.3366 30.1367 17.499 32.5005 17.5ZM23.922 9.08696C24.1007 8.79561 24.3511 8.55497 24.6494 8.38803C24.9476 8.22109 25.2837 8.13343 25.6255 8.13343C25.9672 8.13343 26.3033 8.22109 26.6016 8.38803C26.8998 8.55497 27.1503 8.79561 27.329 9.08696L31.9383 16.2708C29.6401 16.3827 27.4318 17.198 25.6122 18.6063C23.7984 17.2045 21.5992 16.391 19.3098 16.275L23.922 9.08696ZM12.672 14.087C12.8507 13.7956 13.1011 13.555 13.3994 13.388C13.6976 13.2211 14.0337 13.1334 14.3755 13.1334C14.7172 13.1334 15.0533 13.2211 15.3516 13.388C15.6498 13.555 15.9003 13.7956 16.079 14.087L20.6931 21.2783C18.3966 21.3889 16.1901 22.2052 14.3744 23.6158C12.5584 22.2083 10.3545 21.3913 8.0599 21.275L12.672 14.087ZM3.41627 30.7788C3.21365 30.4099 3.11413 29.9932 3.12815 29.5725C3.14217 29.1518 3.26922 28.7427 3.49596 28.3881L4.29596 27.141C5.35394 26.5218 6.56881 26.2229 7.79327 26.2805C9.01774 26.3381 10.1992 26.7496 11.1945 27.4652C10.7963 28.2732 10.4926 29.1243 10.2891 30.0018C9.84479 29.5119 9.27888 29.1482 8.64872 28.9474C8.01857 28.7467 7.34655 28.716 6.70073 28.8585C6.0549 29.001 5.4582 29.3116 4.97105 29.7589C4.4839 30.2063 4.1236 30.7744 3.92665 31.4057C3.71908 31.2302 3.546 31.0177 3.41627 30.7788V30.7788ZM5.19946 31.875C5.16302 31.875 5.12777 31.8695 5.09171 31.8676C5.23494 31.3362 5.54953 30.8669 5.98666 30.5325C6.42379 30.1982 6.95905 30.0174 7.50941 30.0182C8.05976 30.0191 8.59446 30.2015 9.03056 30.5372C9.46666 30.8729 9.7798 31.3432 9.9214 31.875H5.19946ZM18.8295 31.875C18.9711 31.3432 19.2843 30.8729 19.7204 30.5372C20.1565 30.2015 20.6912 30.0191 21.2415 30.0182C21.7919 30.0174 22.3271 30.1982 22.7643 30.5325C23.2014 30.8669 23.516 31.3362 23.6592 31.8676C23.6231 31.8695 23.5879 31.875 23.5515 31.875H18.8295ZM25.3346 30.7788C25.2049 31.0177 25.0319 31.2302 24.8243 31.4057C23.6933 27.6531 18.2091 28.0165 17.5567 31.875H15.0317C15.3831 27.4422 20.6403 24.7451 24.4547 27.1409L24.9023 27.8383C25.2651 28.2262 25.5008 28.7156 25.5781 29.241C25.6553 29.7664 25.5704 30.3029 25.3346 30.7788Z\" fill=\"#272525\"/>\r\n</svg>"
  }
},
{
  "model": "shop.category",
  "pk": 4,
  "fields": {
    "name": "Деткам",
    "slug": "detkam",
    "svg": "<svg width=\"40\" height=\"40\" viewBox=\"0 0 40 40\" fill=\"none\" xmlns=\"http://www.w3.org/2000/svg\">\r\n<path d=\"M16.048 11.4363C15.1679 10.7175 14.0453 10.3645 12.9122 10.4501C11.7792 10.5357 10.7223 11.0535 9.96028 11.8964C9.19822 12.7392 8.78921 13.8427 8.81781 14.9787C8.84641 16.1146 9.31045 17.1961 10.114 17.9995L10.1144 18.0001C10.5391 18.4243 11.0456 18.7577 11.6031 18.9801C12.1606 19.2025 12.7575 19.3093 13.3576 19.294C13.9576 19.2787 14.5483 19.1416 15.0937 18.891C15.6392 18.6404 16.128 18.2816 16.5305 17.8363C16.933 17.391 17.2409 16.8686 17.4353 16.3007C17.6297 15.7328 17.7067 15.1313 17.6616 14.5328C17.6165 13.9342 17.4502 13.3511 17.1728 12.8188C16.8954 12.2865 16.5127 11.8161 16.048 11.4362V11.4363ZM13.3981 14.2603C13.3055 13.7158 13.0897 13.1998 12.7672 12.7515C12.4447 12.3033 12.0239 11.9347 11.5372 11.6739C12.2437 11.3028 13.0522 11.1731 13.8393 11.3045C14.6265 11.4358 15.349 11.8211 15.8968 12.4014C15.7099 12.9231 15.373 13.3779 14.9285 13.7086C14.4839 14.0394 13.9514 14.2313 13.3981 14.2603ZM10.0376 16.5534C9.67025 15.8503 9.54333 15.0462 9.67626 14.2641C9.80919 13.482 10.1947 12.765 10.7737 12.2227C13.248 13.0594 13.2476 16.6669 10.7802 17.5176C10.4773 17.2429 10.2259 16.9164 10.0376 16.5534ZM15.8091 17.4301C15.2576 17.9798 14.544 18.3377 13.7736 18.4508C13.0032 18.5639 12.2168 18.4263 11.5306 18.0583C12.0828 17.7683 12.5497 17.3392 12.885 16.8133C13.2204 16.2875 13.4125 15.6831 13.4426 15.0602C14.0646 15.0297 14.6679 14.8377 15.1931 14.5029C15.7183 14.1682 16.1471 13.7024 16.4374 13.1514C16.8054 13.8377 16.943 14.6241 16.8299 15.3945C16.7168 16.165 16.3589 16.8786 15.8091 17.4301Z\" fill=\"#272525\"/>\r\n<path d=\"M22.9113 4.79981C21.577 4.79823 20.2717 5.18872 19.1574 5.92278C18.0432 6.65683 17.1693 7.70209 16.6441 8.92868C12.1686 6.29812 6.34549 9.66634 6.40078 14.8672C6.51108 22.2835 16.4734 24.3486 19.5249 17.5934C23.9955 20.1941 29.8101 16.8522 29.7571 11.6456C29.7485 9.83264 29.0245 8.09635 27.7425 6.81437C26.4605 5.53238 24.7243 4.80838 22.9113 4.79981ZM17.5177 19.1383C13.7401 22.9286 7.19695 20.2173 7.20617 14.8672C7.15978 10.0895 12.6603 7.1596 16.5989 9.84046C17.3062 10.3122 17.9055 10.9284 18.3574 11.6485C18.8093 12.3685 19.1037 13.1761 19.221 14.0181C19.3529 14.9452 19.2677 15.8902 18.9721 16.7788C18.6765 17.6673 18.1786 18.475 17.5176 19.1383H17.5177ZM19.7195 9.92869C20.0105 10.4798 20.4397 10.9458 20.9649 11.2812C21.4902 11.6165 22.0935 11.8097 22.7159 11.8418C22.747 12.4639 22.9396 13.0673 23.2747 13.5924C23.6097 14.1175 24.0758 14.5463 24.6269 14.8367C23.8623 15.2457 22.9765 15.3673 22.1299 15.1797C21.2833 14.992 20.532 14.5073 20.0119 13.8135C19.8959 13.0575 19.6531 12.3266 19.2935 11.6517C19.2896 11.0508 19.4361 10.4585 19.7195 9.92865V9.92869ZM20.345 9.08658C20.6899 8.74463 21.0997 8.47514 21.5502 8.29397C22.0008 8.11281 22.4831 8.02363 22.9687 8.03169C23.4543 8.03976 23.9333 8.1449 24.3776 8.34093C24.822 8.53695 25.2226 8.8199 25.5559 9.17312C24.7428 11.6318 21.1039 11.651 20.2608 9.17968C20.2892 9.14891 20.3152 9.11646 20.345 9.08654V9.08658ZM25.8288 13.7888C25.6979 13.9745 25.5464 14.1447 25.3772 14.2962C24.8555 14.1094 24.4007 13.7726 24.0699 13.328C23.7391 12.8835 23.5471 12.351 23.5181 11.7976C24.0623 11.7045 24.5781 11.4884 25.0263 11.166C25.4745 10.8435 25.8433 10.4231 26.1046 9.93671C26.4218 10.5408 26.5641 11.2215 26.5153 11.902C26.4666 12.5826 26.2288 13.2361 25.8288 13.7888ZM27.1824 15.9168C26.2295 16.8672 24.9869 17.4727 23.6512 17.6374C22.3155 17.8022 20.963 17.5167 19.8077 16.8263C19.9724 16.2501 20.0665 15.656 20.088 15.0571C24.2952 18.3684 29.6374 13.0237 26.3261 8.82599C25.9324 8.35143 25.444 7.96411 24.8923 7.68871C24.3406 7.41332 23.7375 7.2559 23.1215 7.22649C22.5056 7.19707 21.8903 7.29631 21.3148 7.51787C20.7393 7.73943 20.2163 8.07846 19.7791 8.51334L19.7787 8.51354C19.2044 9.09478 18.8003 9.82228 18.6103 10.617C18.2372 10.1467 17.8044 9.72706 17.3228 9.36866C18.8372 5.41231 24.2496 4.32576 27.1825 7.37456C28.3083 8.51098 28.9399 10.046 28.9399 11.6457C28.9399 13.2454 28.3083 14.7804 27.1824 15.9168Z\" fill=\"#272525\"/>\r\n<path d=\"M14.4545 15.6726C14.3477 15.6726 14.2452 15.715 14.1697 15.7906C14.0942 15.8661 14.0518 15.9685 14.0518 16.0753C14.0518 16.1821 14.0942 16.2845 14.1697 16.3601C14.2452 16.4356 14.3477 16.478 14.4545 16.478C14.5613 16.478 14.6637 16.4356 14.7392 16.3601C14.8147 16.2845 14.8571 16.1821 14.8571 16.0753C14.8571 15.9685 14.8147 15.8661 14.7392 15.7906C14.6637 15.715 14.5613 15.6726 14.4545 15.6726Z\" fill=\"#272525\"/>\r\n<path d=\"M21.7025 13.2568C21.8093 13.2568 21.9117 13.2144 21.9872 13.1389C22.0628 13.0633 22.1052 12.9609 22.1052 12.8541C22.1052 12.7473 22.0628 12.6449 21.9872 12.5694C21.9117 12.4938 21.8093 12.4514 21.7025 12.4514C21.5957 12.4514 21.4933 12.4938 21.4178 12.5694C21.3422 12.6449 21.2998 12.7473 21.2998 12.8541C21.2998 12.9609 21.3422 13.0633 21.4178 13.1389C21.4933 13.2144 21.5957 13.2568 21.7025 13.2568Z\" fill=\"#272525\"/>\r\n<path d=\"M18.963 25.563C18.0829 24.8442 16.9603 24.4912 15.8273 24.5768C14.6942 24.6625 13.6374 25.1802 12.8753 26.0231C12.1133 26.866 11.7042 27.9694 11.7329 29.1054C11.7615 30.2413 12.2255 31.3228 13.029 32.1262L13.0294 32.1268C13.4541 32.551 13.9606 32.8844 14.5181 33.1068C15.0757 33.3293 15.6726 33.436 16.2726 33.4207C16.8727 33.4054 17.4633 33.2683 18.0088 33.0177C18.5542 32.7671 19.043 32.4083 19.4456 31.963C19.8481 31.5177 20.1559 30.9953 20.3503 30.4274C20.5448 29.8595 20.6218 29.258 20.5766 28.6595C20.5315 28.0609 20.3652 27.4778 20.0878 26.9455C19.8104 26.4132 19.4278 25.9428 18.963 25.5629V25.563ZM16.3131 28.387C16.2205 27.8426 16.0048 27.3265 15.6822 26.8782C15.3597 26.43 14.939 26.0614 14.4522 25.8006C15.1587 25.4296 15.9672 25.2998 16.7544 25.4312C17.5415 25.5626 18.2641 25.9478 18.8118 26.5281C18.625 27.0498 18.2881 27.5046 17.8435 27.8353C17.3989 28.1661 16.8665 28.358 16.3131 28.387ZM12.9526 30.6801C12.5853 29.977 12.4584 29.1729 12.5913 28.3908C12.7242 27.6087 13.1097 26.8917 13.6887 26.3494C16.1631 27.1861 16.1626 30.7936 13.6953 31.6443C13.3924 31.3696 13.1409 31.0431 12.9526 30.6801ZM18.7241 31.5568C18.1727 32.1065 17.459 32.4644 16.6886 32.5775C15.9182 32.6906 15.1319 32.553 14.4456 32.185C14.9978 31.8951 15.4647 31.4659 15.8 30.94C16.1354 30.4142 16.3276 29.8099 16.3576 29.1869C16.9796 29.1564 17.583 28.9644 18.1081 28.6297C18.6333 28.2949 19.0622 27.8291 19.3524 27.2781C19.7205 27.9644 19.8581 28.7508 19.7449 29.5212C19.6318 30.2917 19.2739 31.0053 18.7241 31.5568Z\" fill=\"#272525\"/>\r\n<path d=\"M25.8263 18.9265C24.492 18.9249 23.1867 19.3154 22.0725 20.0495C20.9583 20.7835 20.0843 21.8288 19.5592 23.0554C15.0836 20.4248 9.26053 23.793 9.31582 28.9939C9.42612 36.4102 19.3884 38.4753 22.4399 31.7201C26.9105 34.3208 32.7252 30.9789 32.6721 25.7723C32.6636 23.9593 31.9396 22.2231 30.6576 20.9411C29.3756 19.6591 27.6393 18.9351 25.8263 18.9265ZM20.4328 33.265C16.6552 37.0553 10.112 34.344 10.1212 28.9939C10.0748 24.2162 15.5753 21.2863 19.514 23.9672C20.2212 24.4389 20.8205 25.0551 21.2725 25.7752C21.7244 26.4952 22.0187 27.3028 22.1361 28.1448C22.268 29.0719 22.1828 30.017 21.8872 30.9055C21.5916 31.794 21.0937 32.6017 20.4327 33.265H20.4328ZM22.6346 24.0554C22.9256 24.6065 23.3547 25.0725 23.8799 25.4079C24.4052 25.7432 25.0086 25.9364 25.6309 25.9685C25.6621 26.5907 25.8546 27.194 26.1897 27.7191C26.5248 28.2442 26.9908 28.673 27.5419 28.9634C26.7773 29.3724 25.8915 29.4941 25.0449 29.3064C24.1984 29.1187 23.447 28.634 22.9269 27.9402C22.811 27.1843 22.5681 26.4533 22.2085 25.7784C22.2046 25.1775 22.3511 24.5852 22.6346 24.0554V24.0554ZM23.2601 23.2133C23.6049 22.8713 24.0147 22.6018 24.4653 22.4207C24.9159 22.2395 25.3982 22.1503 25.8837 22.1584C26.3693 22.1665 26.8484 22.2716 27.2927 22.4676C27.737 22.6637 28.1376 22.9466 28.4709 23.2998C27.6579 25.7585 24.019 25.7777 23.1759 23.3064C23.2043 23.2756 23.2303 23.2432 23.2601 23.2132V23.2133ZM28.7438 27.9155C28.613 28.1012 28.4615 28.2714 28.2923 28.4229C27.7705 28.2361 27.3157 27.8993 26.9849 27.4547C26.6541 27.0102 26.4621 26.4777 26.4331 25.9243C26.9773 25.8312 27.4931 25.6151 27.9414 25.2927C28.3896 24.9702 28.7583 24.5498 29.0197 24.0634C29.3369 24.6675 29.4791 25.3482 29.4304 26.0288C29.3816 26.7093 29.1439 27.3628 28.7438 27.9155ZM30.0975 30.0435C29.1446 30.9939 27.9019 31.5994 26.5662 31.7641C25.2305 31.9289 23.878 31.6435 22.7227 30.953C22.8875 30.3768 22.9816 29.7827 23.003 29.1838C27.2102 32.4951 32.5524 27.1504 29.2412 22.9527C28.8474 22.4781 28.3591 22.0908 27.8073 21.8154C27.2556 21.54 26.6525 21.3826 26.0366 21.3532C25.4206 21.3238 24.8053 21.423 24.2298 21.6446C23.6543 21.8661 23.1313 22.2052 22.6941 22.64L22.6937 22.6403C22.1194 23.2215 21.7153 23.949 21.5254 24.7437C21.1523 24.2734 20.7195 23.8538 20.2379 23.4954C21.7522 19.539 27.1647 18.4525 30.0975 21.5013C31.2234 22.6377 31.855 24.1727 31.855 25.7724C31.855 27.3721 31.2233 28.9071 30.0975 30.0435Z\" fill=\"#272525\"/>\r\n<path d=\"M17.3695 29.7993C17.2627 29.7993 17.1603 29.8417 17.0847 29.9173C17.0092 29.9928 16.9668 30.0952 16.9668 30.202C16.9668 30.3088 17.0092 30.4112 17.0847 30.4868C17.1603 30.5623 17.2627 30.6047 17.3695 30.6047C17.4763 30.6047 17.5787 30.5623 17.6542 30.4868C17.7298 30.4112 17.7722 30.3088 17.7722 30.202C17.7722 30.0952 17.7298 29.9928 17.6542 29.9173C17.5787 29.8417 17.4763 29.7993 17.3695 29.7993Z\" fill=\"#272525\"/>\r\n<path d=\"M24.6185 27.3835C24.7253 27.3835 24.8277 27.3411 24.9033 27.2656C24.9788 27.19 25.0212 27.0876 25.0212 26.9808C25.0212 26.874 24.9788 26.7716 24.9033 26.6961C24.8277 26.6206 24.7253 26.5781 24.6185 26.5781C24.5117 26.5781 24.4093 26.6206 24.3338 26.6961C24.2582 26.7716 24.2158 26.874 24.2158 26.9808C24.2158 27.0876 24.2582 27.19 24.3338 27.2656C24.4093 27.3411 24.5117 27.3835 24.6185 27.3835Z\" fill=\"#272525\"/>\r\n</svg>"
  }
},
{
  "model": "shop.category",
  "pk": 5,
  "fields": {
    "name": "Соусы",
    "slug": "sousy",
    "svg": "<svg width=\"40\" height=\"40\" viewBox=\"0 0 40 40\" fill=\"none\" xmlns=\"http://www.w3.org/2000/svg\">\r\n<path d=\"M17.5 10.7144C17.5 10.3806 17.5 9.92 17.5 9.41187C17.4962 8.04312 16.3694 6.95 15 6.94875H12.4856C12.4881 6.92312 12.5 6.90125 12.5 6.875V3.75C12.5 3.405 12.22 3.125 11.875 3.125C11.53 3.125 11.25 3.405 11.25 3.75V6.875C11.25 6.90125 11.2619 6.92312 11.2644 6.94812H8.75C7.38062 6.94937 6.25375 8.0425 6.25 9.41125C6.25 9.91937 6.25 10.3806 6.25 10.7137C5.175 10.995 4.37687 11.9631 4.375 13.125V34.375C4.3775 35.7544 5.49562 36.8725 6.875 36.875H16.875C18.2544 36.8725 19.3725 35.7544 19.375 34.375V13.125C19.3731 11.9631 18.575 10.995 17.5 10.7144ZM7.86375 8.55937C8.09187 8.33625 8.40312 8.19812 8.75 8.19812H15C15.3469 8.19812 15.6587 8.33625 15.8862 8.55937C16.1144 8.78375 16.25 9.08187 16.25 9.41187C16.25 9.87812 16.25 10.3 16.25 10.625H7.5C7.5 10.3 7.5 9.8775 7.5 9.41187C7.5 9.08187 7.63562 8.78375 7.86375 8.55937ZM18.125 34.375C18.125 34.7187 17.9856 35.0281 17.7575 35.2575C17.5275 35.4856 17.2181 35.625 16.875 35.625H6.875C6.53187 35.625 6.2225 35.4856 5.9925 35.2575C5.76438 35.0281 5.625 34.7187 5.625 34.375V13.125C5.625 12.7819 5.76438 12.4725 5.9925 12.2425C6.2225 12.0144 6.53187 11.875 6.875 11.875H16.875C17.2181 11.875 17.5275 12.0144 17.7575 12.2425C17.9856 12.4725 18.125 12.7819 18.125 13.125V34.375Z\" fill=\"#272525\"/>\r\n<path d=\"M32.2156 15.1477C32.2156 14.8709 32.2156 14.4846 32.2156 14.0571C32.2156 13.4221 31.8912 12.8659 31.4337 12.4977C30.9737 12.1259 30.37 11.9121 29.7156 11.9115H28.125V9.37524C28.125 9.03024 27.845 8.75024 27.5 8.75024C27.155 8.75024 26.875 9.03024 26.875 9.37524V11.9121H25.2844C24.6306 11.9127 24.0269 12.1265 23.5663 12.4984C23.1081 12.8665 22.7838 13.4227 22.7844 14.0577C22.7844 14.4859 22.7844 14.8715 22.7844 15.1484C21.885 15.5271 21.2519 16.4159 21.25 17.4527V34.3752C21.2525 35.7546 22.3706 36.8727 23.75 36.8752H31.25C32.6294 36.8727 33.7475 35.7546 33.75 34.3752V17.4521C33.7481 16.4159 33.1156 15.5271 32.2156 15.1477ZM24.3537 13.469C24.5731 13.2896 24.9069 13.1609 25.2844 13.1621H29.7162C30.0937 13.1615 30.4275 13.2902 30.6469 13.469C30.8687 13.6521 30.9662 13.8565 30.9662 14.0571C30.9662 14.3921 30.9662 14.7002 30.9662 14.9521H24.0344C24.0344 14.7002 24.0344 14.3921 24.0344 14.0571C24.0344 13.8559 24.1319 13.6521 24.3537 13.469ZM32.5 34.3752C32.5 34.719 32.3606 35.0284 32.1325 35.2577C31.9025 35.4859 31.5931 35.6252 31.25 35.6252H23.75C23.4069 35.6252 23.0975 35.4859 22.8675 35.2577C22.6394 35.0284 22.5 34.719 22.5 34.3752V17.4521C22.5 17.109 22.6394 16.7996 22.8675 16.5696C23.0969 16.3409 23.4062 16.2021 23.75 16.2021H31.25C31.5931 16.2021 31.9025 16.3415 32.1325 16.5696C32.3606 16.7996 32.5 17.109 32.5 17.4521V34.3752Z\" fill=\"#272525\"/>\r\n<path d=\"M7.5 13.1252C7.155 13.1252 6.875 13.4052 6.875 13.7502V33.7502C6.875 34.0959 7.155 34.3752 7.5 34.3752C7.845 34.3752 8.125 34.0959 8.125 33.7502V13.7502C8.125 13.4052 7.845 13.1252 7.5 13.1252Z\" fill=\"#272525\"/>\r\n<path d=\"M24.375 17.5002C24.03 17.5002 23.75 17.7802 23.75 18.1252V33.7502C23.75 34.0959 24.03 34.3752 24.375 34.3752C24.72 34.3752 25 34.0959 25 33.7502V18.1252C25 17.7802 24.72 17.5002 24.375 17.5002Z\" fill=\"#272525\"/>\r\n</svg>"
  }
},
{
  "model": "shop.category",
  "pk": 6,
  "fields": {
    "name": "Напитки",
    "slug": "napitki",
    "svg": "<svg width=\"40\" height=\"40\" viewBox=\"0 0 40 40\" fill=\"none\" xmlns=\"http://www.w3.org/2000/svg\">\r\n<path d=\"M22.9687 6.25H23.125C23.4687 6.25 23.75 5.96875 23.75 5.625C23.75 5.28125 23.4687 5 23.125 5H22.9687H17.0312H16.875C16.5312 5 16.25 5.28125 16.25 5.625C16.25 5.96875 16.5312 6.25 16.875 6.25H17.0312C17.0312 6.25 13.75 10.0156 13.75 17.5C13.75 20 13.75 20 13.75 20V20.4844C13.75 20.5781 13.7656 20.6719 13.8125 20.7656L13.9219 20.9688C14.0156 21.1406 14.0156 21.3438 13.9219 21.5312L13.8125 21.75C13.7656 21.8438 13.75 21.9375 13.75 22.0312V31.7188C13.75 31.8125 13.7812 31.9219 13.8281 32.0156L13.9219 32.2031C14.0156 32.375 14.0156 32.5781 13.9375 32.7656L13.8281 33C13.7812 33.0781 13.7656 33.1719 13.7656 33.2656V34.375C13.7656 36.0938 15.1719 37.5 16.8906 37.5H23.1406C24.8594 37.5 26.2656 36.0938 26.2656 34.375V33.2656C26.2656 33.1719 26.25 33.0781 26.2031 32.9844L26.0937 32.7656C26 32.5938 26 32.3906 26.0937 32.2031L26.2031 31.9844C26.25 31.8906 26.2656 31.7969 26.2656 31.7031V22C26.2656 21.9062 26.25 21.8125 26.2031 21.7188L26.0937 21.5C26 21.3281 26 21.125 26.0937 20.9375L26.2031 20.7188C26.25 20.625 26.2656 20.5313 26.2656 20.4375V19.9688C26.2656 19.9688 26.2656 19.9688 26.2656 17.4688C26.25 10.0156 22.9687 6.25 22.9687 6.25ZM25 20V20.3281L24.9531 20.4219C24.6875 20.9531 24.6875 21.5781 24.9531 22.0938L25 22.1719V31.5781L24.9531 31.6719C24.7031 32.1875 24.7031 32.8125 24.9531 33.3438L25 33.4219V34.375C25 35.4062 24.1562 36.25 23.125 36.25H16.875C15.8437 36.25 15 35.4062 15 34.375V33.4062L15.0469 33.2969C15.2969 32.7656 15.2969 32.1406 15.0156 31.625L15 31.5625V22.1719L15.0469 22.0781C15.3125 21.5469 15.3125 20.9219 15.0469 20.4063L15.0156 20.3281V20V17.5C15.0156 10.6406 17.9687 7.09375 17.9844 7.0625C18.1875 6.82813 18.2969 6.54688 18.2969 6.23438H21.7344C21.7344 6.53125 21.8437 6.82813 22.0469 7.0625C22.0469 7.07813 22.7656 7.90625 23.4844 9.5625C24.1875 11.1719 25.0156 13.8438 25.0156 17.5V20H25Z\" fill=\"#272525\"/>\r\n<path d=\"M23.125 3.125C23.125 2.78125 22.8437 2.5 22.5 2.5H17.5C17.1562 2.5 16.875 2.78125 16.875 3.125V4.6875H23.125V3.125ZM17.6562 4.0625C17.6562 4.15625 17.5937 4.21875 17.5 4.21875C17.4062 4.21875 17.3437 4.15625 17.3437 4.0625V3.125C17.3437 3.03125 17.4062 2.96875 17.5 2.96875C17.5937 2.96875 17.6562 3.03125 17.6562 3.125V4.0625ZM18.2812 4.0625C18.2812 4.15625 18.2187 4.21875 18.125 4.21875C18.0312 4.21875 17.9687 4.15625 17.9687 4.0625V3.125C17.9687 3.03125 18.0312 2.96875 18.125 2.96875C18.2187 2.96875 18.2812 3.03125 18.2812 3.125V4.0625ZM18.9062 4.0625C18.9062 4.15625 18.8437 4.21875 18.75 4.21875C18.6562 4.21875 18.5937 4.15625 18.5937 4.0625V3.125C18.5937 3.03125 18.6562 2.96875 18.75 2.96875C18.8437 2.96875 18.9062 3.03125 18.9062 3.125V4.0625ZM19.5312 4.0625C19.5312 4.15625 19.4687 4.21875 19.375 4.21875C19.2812 4.21875 19.2187 4.15625 19.2187 4.0625V3.125C19.2187 3.03125 19.2812 2.96875 19.375 2.96875C19.4687 2.96875 19.5312 3.03125 19.5312 3.125V4.0625ZM20.1562 4.0625C20.1562 4.15625 20.0937 4.21875 20 4.21875C19.9062 4.21875 19.8437 4.15625 19.8437 4.0625V3.125C19.8437 3.03125 19.9062 2.96875 20 2.96875C20.0937 2.96875 20.1562 3.03125 20.1562 3.125V4.0625ZM20.7812 4.0625C20.7812 4.15625 20.7187 4.21875 20.625 4.21875C20.5312 4.21875 20.4687 4.15625 20.4687 4.0625V3.125C20.4687 3.03125 20.5312 2.96875 20.625 2.96875C20.7187 2.96875 20.7812 3.03125 20.7812 3.125V4.0625ZM21.4062 4.0625C21.4062 4.15625 21.3437 4.21875 21.25 4.21875C21.1562 4.21875 21.0937 4.15625 21.0937 4.0625V3.125C21.0937 3.03125 21.1562 2.96875 21.25 2.96875C21.3437 2.96875 21.4062 3.03125 21.4062 3.125V4.0625ZM22.0312 4.0625C22.0312 4.15625 21.9687 4.21875 21.875 4.21875C21.7812 4.21875 21.7187 4.15625 21.7187 4.0625V3.125C21.7187 3.03125 21.7812 2.96875 21.875 2.96875C21.9687 2.96875 22.0312 3.03125 22.0312 3.125V4.0625ZM22.6562 4.0625C22.6562 4.15625 22.5937 4.21875 22.5 4.21875C22.4062 4.21875 22.3437 4.15625 22.3437 4.0625V3.125C22.3437 3.03125 22.4062 2.96875 22.5 2.96875C22.5937 2.96875 22.6562 3.03125 22.6562 3.125V4.0625Z\" fill=\"#272525\"/>\r\n<path d=\"M22.2031 16.7812C22.1406 16.7812 22.0781 16.7812 22 16.7656L19.9219 16.5L17.8594 16.2344C17.8438 16.2344 17.8281 16.2344 17.8125 16.2344C17.7969 16.2344 17.7812 16.2344 17.7656 16.2344L16.3125 16.4219C16.2813 16.4219 16.2656 16.4375 16.25 16.4375V34.375C16.25 34.7187 16.5312 35 16.875 35H23.125C23.4687 35 23.75 34.7187 23.75 34.375V16.6406C23.7187 16.625 23.6875 16.625 23.6406 16.625C23.625 16.625 23.6094 16.625 23.5937 16.625L22.3906 16.7812C22.3281 16.7812 22.2656 16.7812 22.2031 16.7812Z\" fill=\"#272525\"/>\r\n</svg>"
  }
},
{
  "model": "shop.category",
  "pk": 7,
  "fields": {
    "name": "Десерты",
    "slug": "deserty",
    "svg": "<svg width=\"40\" height=\"40\" viewBox=\"0 0 40 40\" fill=\"none\" xmlns=\"http://www.w3.org/2000/svg\">\r\n<path d=\"M24.6051 9C24.5245 8.99978 24.4451 9.02019 24.3746 9.05929L5.24911 19.5783C5.22396 19.5944 5.20043 19.6128 5.17882 19.6333C5.16338 19.6443 5.14854 19.6561 5.13436 19.6687C5.09434 19.7095 5.06195 19.7571 5.03873 19.8093C5.03634 19.815 5.03634 19.8217 5.03395 19.8279C5.01563 19.8766 5.0053 19.928 5.00335 19.98C5.00335 19.9862 5 19.991 5 19.9972V31.4725C5 31.5993 5.05038 31.7209 5.14004 31.8106C5.22971 31.9003 5.35133 31.9506 5.47814 31.9506H35.1241C35.2509 31.9506 35.3726 31.9003 35.4622 31.8106C35.5519 31.7209 35.6023 31.5993 35.6023 31.4725V19.9972C35.599 17.0816 34.4393 14.2863 32.3776 12.2246C30.316 10.163 27.5207 9.00329 24.6051 9ZM24.7265 9.95628C27.2848 9.99034 29.7339 10.9984 31.5748 12.7751C33.4158 14.5519 34.5102 16.9636 34.635 19.519H33.5778C33.377 18.8428 33.0434 18.2133 32.5967 17.6673C32.1499 17.1213 31.5989 16.6697 30.9758 16.3389C30.7098 15.1348 30.0397 14.058 29.0768 13.2876C28.114 12.5172 26.9164 12.0995 25.6833 12.1041C25.5313 12.1041 25.3754 12.1117 25.2128 12.1275L25.2076 12.117C24.94 11.4457 24.5173 10.8473 23.974 10.3708L24.7265 9.95628ZM29.8857 17.9412L29.1847 17.6094L29.0704 16.8663C28.9357 16.0666 28.5211 15.3408 27.9006 14.8185C27.2802 14.2962 26.4943 14.0115 25.6833 14.0152C25.5099 14.0179 25.3369 14.0324 25.1655 14.0587L24.0744 14.2189L23.5938 13.2626C23.1931 12.529 22.542 11.9641 21.7592 11.6709L23.1659 10.9675C23.7511 11.3128 24.0069 11.8354 24.3483 12.533L24.5076 12.8552C24.553 12.9456 24.6259 13.0193 24.7159 13.0656C24.8059 13.1119 24.9082 13.1285 25.0082 13.1129C25.2314 13.0767 25.4571 13.0578 25.6833 13.0565C26.7314 13.0493 27.748 13.4142 28.5522 14.0863C29.3564 14.7584 29.896 15.694 30.075 16.7267C30.0868 16.804 30.1174 16.8771 30.1641 16.9398C30.2108 17.0025 30.2721 17.0528 30.3428 17.0863C31.3771 17.5745 32.1797 18.4474 32.5795 19.519H31.4951C31.1558 18.8244 30.5874 18.268 29.8857 17.9436V17.9412ZM20.3726 12.3517C20.8492 12.3551 21.317 12.4804 21.7315 12.7158C22.146 12.9511 22.4933 13.2887 22.7404 13.6963L23.3753 14.9595C23.4205 15.0493 23.4928 15.1226 23.582 15.1689C23.6712 15.2153 23.7727 15.2323 23.8721 15.2177L25.2989 15.0078C25.4255 14.9882 25.5533 14.9768 25.6814 14.9739C26.2641 14.9689 26.8297 15.1713 27.277 15.5448C27.7243 15.9184 28.0242 16.4388 28.1232 17.0131L28.2762 18.0081C28.2881 18.0854 28.3187 18.1585 28.3654 18.2212C28.412 18.2839 28.4734 18.3342 28.544 18.3677L29.4749 18.808C29.8218 18.9726 30.1252 19.2161 30.3609 19.519H7.34144L20.3726 12.3517ZM5.95771 26.213H32.7334V27.1692H5.95771V26.213ZM32.7334 25.2567H5.95771V22.3879H32.7334V25.2567ZM5.95771 30.9944V28.1255H32.7334V30.9944H5.95771ZM34.646 30.9944H33.6897V21.9097C33.6897 21.7829 33.6393 21.6613 33.5497 21.5716C33.46 21.482 33.3384 21.4316 33.2116 21.4316H5.95771V20.4753H34.646V30.9944Z\" fill=\"#272525\"/>\r\n<path d=\"M22.2149 14.8055V13.7814C22.2149 13.6546 22.1645 13.5329 22.0749 13.4433C21.9852 13.3536 21.8636 13.3032 21.7368 13.3032C21.61 13.3032 21.4883 13.3536 21.3987 13.4433C21.309 13.5329 21.2586 13.6546 21.2586 13.7814V14.8055C20.8079 14.9219 20.4151 15.1987 20.1539 15.5839C19.8926 15.9692 19.7808 16.4366 19.8395 16.8983C19.8981 17.3601 20.1232 17.7847 20.4725 18.0924C20.8217 18.4001 21.2713 18.5699 21.7368 18.5699C22.2023 18.5699 22.6518 18.4001 23.0011 18.0924C23.3504 17.7847 23.5754 17.3601 23.6341 16.8983C23.6927 16.4366 23.581 15.9692 23.3197 15.5839C23.0584 15.1987 22.6656 14.9219 22.2149 14.8055ZM21.7368 17.6065C21.5266 17.607 21.3221 17.5381 21.1552 17.4104C20.9882 17.2827 20.8682 17.1034 20.8136 16.9004C20.7591 16.6975 20.7732 16.4822 20.8536 16.288C20.9341 16.0938 21.0765 15.9317 21.2586 15.8268V16.1721C21.2586 16.2989 21.309 16.4205 21.3987 16.5101C21.4883 16.5998 21.61 16.6502 21.7368 16.6502C21.8636 16.6502 21.9852 16.5998 22.0749 16.5101C22.1645 16.4205 22.2149 16.2989 22.2149 16.1721V15.8268C22.3971 15.9317 22.5394 16.0938 22.6199 16.288C22.7004 16.4822 22.7145 16.6975 22.6599 16.9004C22.6054 17.1034 22.4853 17.2827 22.3184 17.4104C22.1514 17.5381 21.9469 17.607 21.7368 17.6065Z\" fill=\"#272525\"/>\r\n</svg>"
  }
},
{
  "model": "shop.types",
  "pk": 1,
  "fields": {
    "name": "Лосось",
    "slug": "losos",
    "category": [
      2,
      1
    ]
  }
},
{
  "model": "shop.types",
  "pk": 2,
  "fields": {
    "name": "Томаты",
    "slug": "tomatyi",
    "category": [
      5,
      4,
      3,
      1
    ]
  }
},
{
  "model": "shop.types",
  "pk": 3,
  "fields": {
    "name": "Кремчиз",
    "slug": "kremchiz",
    "category": [
      4,
      3,
      1
    ]
  }
},
{
  "model": "shop.types",
  "pk": 4,
  "fields": {
    "name": "Шапка \"Лосось ореховый\"",
    "slug": "shapka-losos-orehovyij",
    "category": [
      1
    ]
  }
},
{
  "model": "shop.types",
  "pk": 5,
  "fields": {
    "name": "Креветка тигровая",
    "slug": "krevetka-tigrovaya",
    "category": [
      1
    ]
  }
},
{
  "model": "shop.types",
  "pk": 6,
  "fields": {
    "name": "Огурцы",
    "slug": "ogurtsyi",
    "category": [
      5,
      2,
      3,
      1
    ]
  }
},
{
  "model": "shop.types",
  "pk": 7,
  "fields": {
    "name": "Сливочный сыр",
    "slug": "slivochnyij-syir",
    "category": [
      4,
      3,
      1
    ]
  }
},
{
  "model": "shop.types",
  "pk": 8,
  "fields": {
    "name": "Шапка \"Лосось острый\"",
    "slug": "shapka-losos-ostryij",
    "category": [
      1
    ]
  }
},
{
  "model": "shop.types",
  "pk": 9,
  "fields": {
    "name": "Кунжут",
    "slug": "kunzhut",
    "category": [
      5,
      2,
      1
    ]
  }
},
{
  "model": "shop.types",
  "pk": 10,
  "fields": {
    "name": "Тигровая креветка",
    "slug": "tigrovaya-krevetka",
    "category": [
      1
    ]
  }
},
{
  "model": "shop.types",
  "pk": 11,
  "fields": {
    "name": "Шапочка на основе натуральных сливок",
    "slug": "shapochka-na-osnove-naturalnyih-slivok",
    "category": [
      1
    ]
  }
},
{
  "model": "shop.types",
  "pk": 12,
  "fields": {
    "name": "Лук Зеленый",
    "slug": "luk-zelenyij",
    "category": [
      4,
      3,
      1
    ]
  }
},
{
  "model": "shop.types",
  "pk": 13,
  "fields": {
    "name": "Соус «Унаги»",
    "slug": "sous-unagi",
    "category": [
      2,
      1
    ]
  }
},
{
  "model": "shop.types",
  "pk": 14,
  "fields": {
    "name": "Панировочные сухари",
    "slug": "panirovochnyie-suhari",
    "category": [
      4,
      3,
      1
    ]
  }
},
{
  "model": "shop.types",
  "pk": 15,
  "fields": {
    "name": "Кляр",
    "slug": "klyar",
    "category": [
      4,
      3,
      1
    ]
  }
},
{
  "model": "shop.types",
  "pk": 16,
  "fields": {
    "name": "Морской гребешок",
    "slug": "morskoj-grebeshok",
    "category": [
      2,
      1
    ]
  }
},
{
  "model": "shop.types",
  "pk": 17,
  "fields": {
    "name": "Икра масаго",
    "slug": "ikra-masago",
    "category": [
      1
    ]
  }
},
{
  "model": "shop.types",
  "pk": 18,
  "fields": {
    "name": "Соус Терияки",
    "slug": "sous-teriyaki",
    "category": [
      1
    ]
  }
},
{
  "model": "shop.types",
  "pk": 19,
  "fields": {
    "name": "Манго",
    "slug": "mango",
    "category": [
      1
    ]
  }
},
{
  "model": "shop.types",
  "pk": 20,
  "fields": {
    "name": "Крабовый микс",
    "slug": "krabovyij-miks",
    "category": [
      1
    ]
  }
},
{
  "model": "shop.types",
  "pk": 21,
  "fields": {
    "name": "Копченая курица",
    "slug": "kopchenaya-kuritsa",
    "category": [
      4,
      3,
      1
    ]
  }
},
{
  "model": "shop.types",
  "pk": 22,
  "fields": {
    "name": "Омлет томаго",
    "slug": "omlet-tomago",
    "category": [
      1
    ]
  }
},
{
  "model": "shop.types",
  "pk": 23,
  "fields": {
    "name": "Соус Барбекю",
    "slug": "sous-barbekyu",
    "category": [
      4,
      3,
      1
    ]
  }
},
{
  "model": "shop.types",
  "pk": 24,
  "fields": {
    "name": "Сыр «Пармезан»",
    "slug": "syir-parmezan",
    "category": [
      1
    ]
  }
},
{
  "model": "shop.types",
  "pk": 25,
  "fields": {
    "name": "Жареный лосось",
    "slug": "zharenyij-losos",
    "category": [
      1
    ]
  }
},
{
  "model": "shop.types",
  "pk": 26,
  "fields": {
    "name": "Сыр чеддер",
    "slug": "syir-chedder",
    "category": [
      1
    ]
  }
},
{
  "model": "shop.types",
  "pk": 27,
  "fields": {
    "name": "Соус шрирача",
    "slug": "sous-shriracha",
    "category": [
      1
    ]
  }
},
{
  "model": "shop.types",
  "pk": 28,
  "fields": {
    "name": "Топинг Манго",
    "slug": "toping-mango",
    "category": [
      1
    ]
  }
},
{
  "model": "shop.types",
  "pk": 29,
  "fields": {
    "name": "Топинг апельсиновый",
    "slug": "toping-apelsinovyij",
    "category": [
      1
    ]
  }
},
{
  "model": "shop.types",
  "pk": 30,
  "fields": {
    "name": "Лук жареный",
    "slug": "luk-zharenyij",
    "category": [
      4,
      3,
      1
    ]
  }
},
{
  "model": "shop.types",
  "pk": 31,
  "fields": {
    "name": "Рисовые шарики",
    "slug": "risovyie-shariki",
    "category": [
      1
    ]
  }
},
{
  "model": "shop.types",
  "pk": 32,
  "fields": {
    "name": "Тигровая креветка в кляре",
    "slug": "tigrovaya-krevetka-v-klyare",
    "category": [
      1
    ]
  }
},
{
  "model": "shop.types",
  "pk": 33,
  "fields": {
    "name": "Тортилья",
    "slug": "tortilya",
    "category": [
      4,
      3,
      1
    ]
  }
},
{
  "model": "shop.types",
  "pk": 34,
  "fields": {
    "name": "Перец болгарский",
    "slug": "perets-bolgarskij",
    "category": [
      1
    ]
  }
},
{
  "model": "shop.types",
  "pk": 35,
  "fields": {
    "name": "Лист салата",
    "slug": "list-salata",
    "category": [
      4,
      3,
      1
    ]
  }
},
{
  "model": "shop.types",
  "pk": 36,
  "fields": {
    "name": "Сыр плавленный",
    "slug": "syir-plavlennyij",
    "category": [
      1
    ]
  }
},
{
  "model": "shop.types",
  "pk": 37,
  "fields": {
    "name": "Майонез",
    "slug": "majonez",
    "category": [
      5,
      4,
      2,
      3,
      1
    ]
  }
},
{
  "model": "shop.types",
  "pk": 38,
  "fields": {
    "name": "Сыр «Гауда»",
    "slug": "syir-gauda",
    "category": [
      1
    ]
  }
},
{
  "model": "shop.types",
  "pk": 39,
  "fields": {
    "name": "Тигровые креветки",
    "slug": "tigrovyie-krevetki",
    "category": [
      2,
      1
    ]
  }
},
{
  "model": "shop.types",
  "pk": 40,
  "fields": {
    "name": "Соус «Спайс»",
    "slug": "sous-spajs",
    "category": [
      4,
      2,
      3,
      1
    ]
  }
},
{
  "model": "shop.types",
  "pk": 41,
  "fields": {
    "name": "Грибы Шиитаке",
    "slug": "gribyi-shiitake",
    "category": [
      1
    ]
  }
},
{
  "model": "shop.types",
  "pk": 42,
  "fields": {
    "name": "Жареная курица",
    "slug": "zharenaya-kuritsa",
    "category": [
      1
    ]
  }
},
{
  "model": "shop.types",
  "pk": 43,
  "fields": {
    "name": "Соус «Лава»",
    "slug": "sous-lava",
    "category": [
      1
    ]
  }
},
{
  "model": "shop.types",
  "pk": 44,
  "fields": {
    "name": "Рис",
    "slug": "ris",
    "category": [
      1
    ]
  }
},
{
  "model": "shop.types",
  "pk": 45,
  "fields": {
    "name": "Бекон",
    "slug": "bekon",
    "category": [
      4,
      3,
      1
    ]
  }
},
{
  "model": "shop.types",
  "pk": 46,
  "fields": {
    "name": "Угорь",
    "slug": "ugor",
    "category": [
      1
    ]
  }
},
{
  "model": "shop.types",
  "pk": 47,
  "fields": {
    "name": "Копченый угорь",
    "slug": "kopchenyij-ugor",
    "category": [
      2,
      1
    ]
  }
},
{
  "model": "shop.types",
  "pk": 48,
  "fields": {
    "name": "Мексиканская лепешка «Тортилья»",
    "slug": "meksikanskaya-lepeshka-tortilya",
    "category": [
      1
    ]
  }
},
{
  "model": "shop.types",
  "pk": 49,
  "fields": {
    "name": "Хрустящая клярная стружка",
    "slug": "hrustyaschaya-klyarnaya-struzhka",
    "category": [
      4,
      3,
      1
    ]
  }
},
{
  "model": "shop.types",
  "pk": 50,
  "fields": {
    "name": "Маринованные водоросли «Чукка»",
    "slug": "marinovannyie-vodorosli-chukka",
    "category": [
      2,
      1
    ]
  }
},
{
  "model": "shop.types",
  "pk": 51,
  "fields": {
    "name": "Соус Ореховый",
    "slug": "sous-orehovyij",
    "category": [
      2,
      1
    ]
  }
},
{
  "model": "shop.types",
  "pk": 52,
  "fields": {
    "name": "Редька «Такуан»",
    "slug": "redka-takuan",
    "category": [
      4,
      3,
      1
    ]
  }
},
{
  "model": "shop.types",
  "pk": 53,
  "fields": {
    "name": "Икра летучей рыбы",
    "slug": "ikra-letuchej-ryibyi",
    "category": [
      2
    ]
  }
},
{
  "model": "shop.types",
  "pk": 54,
  "fields": {
    "name": "Икра лосося",
    "slug": "ikra-lososya",
    "category": [
      2
    ]
  }
},
{
  "model": "shop.types",
  "pk": 55,
  "fields": {
    "name": "Мидии",
    "slug": "midii",
    "category": [
      2
    ]
  }
},
{
  "model": "shop.types",
  "pk": 56,
  "fields": {
    "name": "Стружка тунца",
    "slug": "struzhka-tuntsa",
    "category": [
      2
    ]
  }
},
{
  "model": "shop.types",
  "pk": 57,
  "fields": {
    "name": "Стрипсы",
    "slug": "stripsyi",
    "category": [
      4,
      3
    ]
  }
},
{
  "model": "shop.types",
  "pk": 58,
  "fields": {
    "name": "Соус \"Тар-тар\"",
    "slug": "sous-tar-tar",
    "category": [
      4,
      3
    ]
  }
},
{
  "model": "shop.types",
  "pk": 59,
  "fields": {
    "name": "Картофель",
    "slug": "kartofel",
    "category": [
      4,
      3
    ]
  }
},
{
  "model": "shop.types",
  "pk": 60,
  "fields": {
    "name": "Наггетсы",
    "slug": "naggetsyi",
    "category": [
      4,
      3
    ]
  }
},
{
  "model": "shop.types",
  "pk": 61,
  "fields": {
    "name": "Сыр",
    "slug": "syir",
    "category": [
      3
    ]
  }
},
{
  "model": "shop.types",
  "pk": 62,
  "fields": {
    "name": "Кальмар",
    "slug": "kalmar",
    "category": [
      3
    ]
  }
},
{
  "model": "shop.types",
  "pk": 63,
  "fields": {
    "name": "Репчатый лук",
    "slug": "repchatyij-luk",
    "category": [
      5,
      3
    ]
  }
},
{
  "model": "shop.types",
  "pk": 64,
  "fields": {
    "name": "Укроп",
    "slug": "ukrop",
    "category": [
      5,
      3
    ]
  }
},
{
  "model": "shop.types",
  "pk": 65,
  "fields": {
    "name": "Чеснок",
    "slug": "chesnok",
    "category": [
      5,
      3
    ]
  }
},
{
  "model": "shop.types",
  "pk": 66,
  "fields": {
    "name": "Блинчик",
    "slug": "blinchik",
    "category": [
      7
    ]
  }
},
{
  "model": "shop.types",
  "pk": 67,
  "fields": {
    "name": "Сыр шоколадный",
    "slug": "syir-shokoladnyij",
    "category": [
      7
    ]
  }
},
{
  "model": "shop.types",
  "pk": 68,
  "fields": {
    "name": "Бананы",
    "slug": "bananyi",
    "category": [
      7
    ]
  }
},
{
  "model": "shop.types",
  "pk": 69,
  "fields": {
    "name": "Топинг шоколадный",
    "slug": "toping-shokoladnyij",
    "category": [
      7
    ]
  }
},
{
  "model": "shop.types",
  "pk": 70,
  "fields": {
    "name": "Сыр ванильный",
    "slug": "syir-vanilnyij",
    "category": [
      7
    ]
  }
},
{
  "model": "shop.types",
  "pk": 71,
  "fields": {
    "name": "Киви",
    "slug": "kivi",
    "category": [
      7
    ]
  }
},
{
  "model": "shop.types",
  "pk": 72,
  "fields": {
    "name": "Груши",
    "slug": "grushi",
    "category": [
      7
    ]
  }
},
{
  "model": "shop.types",
  "pk": 73,
  "fields": {
    "name": "Топинг фруктовый",
    "slug": "toping-fruktovyij",
    "category": [
      7
    ]
  }
},
{
  "model": "shop.types",
  "pk": 74,
  "fields": {
    "name": "ягоды облепихи быстрозамороженные",
    "slug": "yagodyi-oblepihi-byistrozamorozhennyie",
    "category": [
      6
    ]
  }
},
{
  "model": "shop.types",
  "pk": 75,
  "fields": {
    "name": "сахар",
    "slug": "sahar",
    "category": [
      6
    ]
  }
},
{
  "model": "shop.types",
  "pk": 76,
  "fields": {
    "name": "ягоды клюквы быстрозамороженные",
    "slug": "yagodyi-klyukvyi-byistrozamorozhennyie",
    "category": [
      6
    ]
  }
},
{
  "model": "shop.types",
  "pk": 77,
  "fields": {
    "name": "ягоды черной смородины быстрозамороженные",
    "slug": "yagodyi-chernoj-smorodinyi-byistrozamorozhennyie",
    "category": [
      6
    ]
  }
},
{
  "model": "shop.types",
  "pk": 78,
  "fields": {
    "name": "Классический соевый соус",
    "slug": "klassicheskij-soevyij-sous",
    "category": [
      5
    ]
  }
},
{
  "model": "shop.types",
  "pk": 79,
  "fields": {
    "name": "Маринованный имбирь",
    "slug": "marinovannyij-imbir",
    "category": [
      5
    ]
  }
},
{
  "model": "shop.types",
  "pk": 80,
  "fields": {
    "name": "Японская горчица",
    "slug": "yaponskaya-gorchitsa",
    "category": [
      5
    ]
  }
},
{
  "model": "shop.types",
  "pk": 81,
  "fields": {
    "name": "Мирин",
    "slug": "mirin",
    "category": [
      5
    ]
  }
},
{
  "model": "shop.types",
  "pk": 82,
  "fields": {
    "name": "Кунжутное масло",
    "slug": "kunzhutnoe-maslo",
    "category": [
      5
    ]
  }
},
{
  "model": "shop.types",
  "pk": 83,
  "fields": {
    "name": "Яблоко",
    "slug": "yabloko",
    "category": [
      5
    ]
  }
},
{
  "model": "shop.types",
  "pk": 84,
  "fields": {
    "name": "Жареный арахис",
    "slug": "zharenyij-arahis",
    "category": [
      5
    ]
  }
},
{
  "model": "shop.types",
  "pk": 85,
  "fields": {
    "name": "Соус «Табаско»",
    "slug": "sous-tabasko",
    "category": [
      5
    ]
  }
},
{
  "model": "shop.types",
  "pk": 86,
  "fields": {
    "name": "Кимчи",
    "slug": "kimchi",
    "category": [
      5
    ]
  }
},
{
  "model": "shop.types",
  "pk": 87,
  "fields": {
    "name": "Классический пряно-сладкий японский соус",
    "slug": "klassicheskij-pryano-sladkij-yaponskij-sous",
    "category": [
      5
    ]
  }
},
{
  "model": "shop.product",
  "pk": 1,
  "fields": {
    "name": "Ролл Вулкан с ореховым соусом",
    "slug": "roll-vulkan-s-orehovyim-sousom",
    "characteristics": "Белки\n8 г.\nЖиры\n12 г.\nУглеводы\n25 г.\nКалорийность\n237 кКал",
    "category": 1,
    "image": "products/2023/10/10/f8d152311f42e7ea55841a948a649eaf.jpeg",
    "price": 459,
    "weight": "185 гр. 8 шт.",
    "available": true,
    "created": "2023-10-09T16:54:30.755Z",
    "updated": "2023-10-09T16:54:30.755Z",
    "types": [
      1,
      2,
      3,
      4
    ]
  }
},
{
  "model": "shop.product",
  "pk": 2,
  "fields": {
    "name": "Ролл Нихон",
    "slug": "roll-nihon",
    "characteristics": "Белки\n11 г.\nЖиры\n9 г.\nУглеводы\n19 г.\nКалорийность\n200 кКал",
    "category": 1,
    "image": "products/2023/10/10/ba31e474455f9e9b2a30c17755ed0c12.jpeg",
    "price": 589,
    "weight": "190 гр. 8 шт.",
    "available": true,
    "created": "2023-10-09T16:54:30.774Z",
    "updated": "2023-10-09T16:54:30.774Z",
    "types": [
      1,
      5,
      6,
      7
    ]
  }
},
{
  "model": "shop.product",
  "pk": 3,
  "fields": {
    "name": "Ролл Вулкан с острым соусом",
    "slug": "roll-vulkan-s-ostryim-sousom",
    "characteristics": "Белки\n8 г.\nЖиры\n10 г.\nУглеводы\n25 г.\nКалорийность\n217 кКал",
    "category": 1,
    "image": "products/2023/10/10/5c01e93a53fba71c10fb188a2deaaaac.jpeg",
    "price": 459,
    "weight": "190 гр. 8 шт.",
    "available": true,
    "created": "2023-10-09T16:54:30.783Z",
    "updated": "2023-10-09T16:54:30.783Z",
    "types": [
      1,
      2,
      3,
      8
    ]
  }
},
{
  "model": "shop.product",
  "pk": 4,
  "fields": {
    "name": "Ролл Аляска нью",
    "slug": "roll-alyaska-nyu",
    "characteristics": "Белки\n9 г.\nЖиры\n8 г.\nУглеводы\n31 г.\nКалорийность\n229 кКал",
    "category": 1,
    "image": "products/2023/10/10/eb392007d24b07df6552b1fe2b6baabb.jpeg",
    "price": 589,
    "weight": "200 гр. 8 шт.",
    "available": true,
    "created": "2023-10-09T16:54:30.791Z",
    "updated": "2023-10-09T16:54:30.791Z",
    "types": [
      1,
      6,
      9
    ]
  }
},
{
  "model": "shop.product",
  "pk": 5,
  "fields": {
    "name": "Ролл Филадельфия PLUS",
    "slug": "roll-filadelfiya-plus",
    "characteristics": "Белки\n10 г.\nЖиры\n10 г.\nУглеводы\n20 г.\nКалорийность\n210 кКал",
    "category": 1,
    "image": "products/2023/10/10/56303cdff963d75b1c4ae5f2670f6336.jpeg",
    "price": 799,
    "weight": "255 гр. 8 шт.",
    "available": true,
    "created": "2023-10-09T16:54:30.799Z",
    "updated": "2023-10-09T16:54:30.799Z",
    "types": [
      1,
      7
    ]
  }
},
{
  "model": "shop.product",
  "pk": 6,
  "fields": {
    "name": "Ролл Сансей",
    "slug": "roll-sansej",
    "characteristics": "Белки\n6 г.\nЖиры\n10 г.\nУглеводы\n35 г.\nКалорийность\n251 кКал",
    "category": 1,
    "image": "products/2023/10/10/542018af963a28c3d53b5066a128f8e9.png",
    "price": 349,
    "weight": "275 гр. 8 шт.",
    "available": true,
    "created": "2023-10-09T16:54:30.814Z",
    "updated": "2023-10-09T16:54:30.814Z",
    "types": [
      7,
      10,
      11,
      12,
      13,
      14,
      15
    ]
  }
},
{
  "model": "shop.product",
  "pk": 7,
  "fields": {
    "name": "Ролл Дайсён",
    "slug": "roll-dajsyon",
    "characteristics": "Белки\n6 г.\nЖиры\n10 г.\nУглеводы\n28 г.\nКалорийность\n222 кКал",
    "category": 1,
    "image": "products/2023/10/10/3d7714834d4df4fb289b345e86163d9c.png",
    "price": 589,
    "weight": "260 гр. 8 шт.",
    "available": true,
    "created": "2023-10-09T16:54:30.829Z",
    "updated": "2023-10-09T16:54:30.829Z",
    "types": [
      11,
      12,
      16,
      17,
      18,
      19,
      20
    ]
  }
},
{
  "model": "shop.product",
  "pk": 8,
  "fields": {
    "name": "Ролл Икари",
    "slug": "roll-ikari",
    "characteristics": "Белки\n7 г.\nЖиры\n15 г.\nУглеводы\n27 г.\nКалорийность\n269 кКал",
    "category": 1,
    "image": "products/2023/10/10/2a1ee606de4f2e7d1a3ab134796812e0.png",
    "price": 299,
    "weight": "245 гр. 8 шт.",
    "available": true,
    "created": "2023-10-09T16:54:30.843Z",
    "updated": "2023-10-09T16:54:30.843Z",
    "types": [
      7,
      9,
      11,
      12,
      21,
      22,
      23,
      24
    ]
  }
},
{
  "model": "shop.product",
  "pk": 9,
  "fields": {
    "name": "Ролл Сатори",
    "slug": "roll-satori",
    "characteristics": "Белки\n7 г.\nЖиры\n7 г.\nУглеводы\n31 г.\nКалорийность\n221 кКал",
    "category": 1,
    "image": "products/2023/10/10/751352e9ccfacf4fe3b7bc4e38e12b0b.png",
    "price": 429,
    "weight": "230 гр. 8 шт.",
    "available": true,
    "created": "2023-10-09T16:54:30.856Z",
    "updated": "2023-10-09T16:54:30.856Z",
    "types": [
      6,
      12,
      25,
      26,
      27,
      28
    ]
  }
},
{
  "model": "shop.product",
  "pk": 10,
  "fields": {
    "name": "Ролл Эбису",
    "slug": "roll-ebisu",
    "characteristics": "Белки\n5 г.\nЖиры\n12 г.\nУглеводы\n28 г.\nКалорийность\n239 кКал",
    "category": 1,
    "image": "products/2023/10/10/1ae7ec6314575a7f546335c4342af31c.png",
    "price": 389,
    "weight": "255 гр. 8 шт.",
    "available": true,
    "created": "2023-10-09T16:54:30.870Z",
    "updated": "2023-10-09T16:54:30.870Z",
    "types": [
      7,
      10,
      11,
      18,
      19,
      29,
      30
    ]
  }
},
{
  "model": "shop.product",
  "pk": 11,
  "fields": {
    "name": "Хруст-ролл с креветкой",
    "slug": "hrust-roll-s-krevetkoj",
    "characteristics": "Белки\n7 г.\nЖиры\n4 г.\nУглеводы\n39 г.\nКалорийность\n219 кКал",
    "category": 1,
    "image": "products/2023/10/10/7945268ed60330d455d517ba27e9a802.jpeg",
    "price": 349,
    "weight": "235 гр. 8 шт.",
    "available": true,
    "created": "2023-10-09T16:54:30.881Z",
    "updated": "2023-10-09T16:54:30.882Z",
    "types": [
      5,
      7,
      12,
      15,
      17,
      18,
      31
    ]
  }
},
{
  "model": "shop.product",
  "pk": 12,
  "fields": {
    "name": "Хруст-ролл Сырный лосось",
    "slug": "hrust-roll-syirnyij-losos",
    "characteristics": "Белки\n6 г.\nЖиры\n5 г.\nУглеводы\n35 г.\nКалорийность\n213 кКал",
    "category": 1,
    "image": "products/2023/10/10/6e8a26bb809caddec89c1346540a7bcd.jpeg",
    "price": 339,
    "weight": "230 гр. 8 шт.",
    "available": true,
    "created": "2023-10-09T16:54:30.891Z",
    "updated": "2023-10-09T16:54:30.891Z",
    "types": [
      1,
      7,
      12,
      15,
      31
    ]
  }
},
{
  "model": "shop.product",
  "pk": 13,
  "fields": {
    "name": "Ролл Эби Тортиллас",
    "slug": "roll-ebi-tortillas",
    "characteristics": "Белки\n8 г.\nЖиры\n13 г.\nУглеводы\n28 г.\nКалорийность\n264 кКал",
    "category": 1,
    "image": "products/2023/10/10/13fb1a100c3701bddf431fd37a11c9a0.jpeg",
    "price": 259,
    "weight": "150 гр. 8 шт.",
    "available": true,
    "created": "2023-10-09T16:54:30.901Z",
    "updated": "2023-10-09T16:54:30.903Z",
    "types": [
      6,
      7,
      17,
      32,
      33
    ]
  }
},
{
  "model": "shop.product",
  "pk": 14,
  "fields": {
    "name": "Ролл Фито Тортиллас",
    "slug": "roll-fito-tortillas",
    "characteristics": "Белки\n5 г.\nЖиры\n13 г.\nУглеводы\n25 г.\nКалорийность\n236 кКал",
    "category": 1,
    "image": "products/2023/10/10/46f4b738953253485c5174533281f47f.jpeg",
    "price": 179,
    "weight": "140 гр. 8 шт.",
    "available": true,
    "created": "2023-10-09T16:54:30.914Z",
    "updated": "2023-10-09T16:54:30.914Z",
    "types": [
      6,
      7,
      12,
      33,
      34,
      35
    ]
  }
},
{
  "model": "shop.product",
  "pk": 15,
  "fields": {
    "name": "Ролл Филадельфия классическая",
    "slug": "roll-filadelfiya-klassicheskaya",
    "characteristics": "Белки\n8 г.\nЖиры\n10 г.\nУглеводы\n23 г.\nКалорийность\n210 кКал",
    "category": 1,
    "image": "products/2023/10/10/010370d49089691ddf9069eaef330879.jpeg",
    "price": 589,
    "weight": "220 гр. 8 шт.",
    "available": true,
    "created": "2023-10-09T16:54:30.920Z",
    "updated": "2023-10-09T16:54:30.920Z",
    "types": [
      1,
      7
    ]
  }
},
{
  "model": "shop.product",
  "pk": 16,
  "fields": {
    "name": "Ролл Филадельфия с огурцом",
    "slug": "roll-filadelfiya-s-ogurtsom",
    "characteristics": "Белки\n7 г.\nЖиры\n8 г.\nУглеводы\n21 г.\nКалорийность\n183 кКал",
    "category": 1,
    "image": "products/2023/10/10/3d18e9cb4bb6b938cc9e728934376367.jpeg",
    "price": 589,
    "weight": "220 гр. 8 шт.",
    "available": true,
    "created": "2023-10-09T16:54:30.927Z",
    "updated": "2023-10-09T16:54:30.927Z",
    "types": [
      1,
      6,
      7
    ]
  }
},
{
  "model": "shop.product",
  "pk": 17,
  "fields": {
    "name": "Ролл Филадельфия с зеленым луком",
    "slug": "roll-filadelfiya-s-zelenyim-lukom",
    "characteristics": "Белки\n8 г.\nЖиры\n10 г.\nУглеводы\n22 г.\nКалорийность\n206 кКал",
    "category": 1,
    "image": "products/2023/10/10/21948d9c52f59a3be60d51228e0c0c35.jpeg",
    "price": 589,
    "weight": "220 гр. 8 шт.",
    "available": true,
    "created": "2023-10-09T16:54:30.936Z",
    "updated": "2023-10-09T16:54:30.936Z",
    "types": [
      1,
      7,
      12
    ]
  }
},
{
  "model": "shop.product",
  "pk": 18,
  "fields": {
    "name": "Ролл Филадельфия лайт",
    "slug": "roll-filadelfiya-lajt",
    "characteristics": "Белки\n6 г.\nЖиры\n6 г.\nУглеводы\n26 г.\nКалорийность\n182 кКал",
    "category": 1,
    "image": "products/2023/10/10/116f09ccb145f7d659638d2d7f5c40ce.jpeg",
    "price": 549,
    "weight": "165 гр. 8 шт.",
    "available": true,
    "created": "2023-10-09T16:54:30.942Z",
    "updated": "2023-10-09T16:54:30.942Z",
    "types": [
      1,
      7
    ]
  }
},
{
  "model": "shop.product",
  "pk": 19,
  "fields": {
    "name": "Филадельфия Лайт с зеленым луком",
    "slug": "filadelfiya-lajt-s-zelenyim-lukom",
    "characteristics": "Белки\n6 г.\nЖиры\n6 г.\nУглеводы\n25 г.\nКалорийность\n178 кКал",
    "category": 1,
    "image": "products/2023/10/10/527beb184973c4f3e2300e95b9c1c194.jpeg",
    "price": 549,
    "weight": "170 гр. 8 шт.",
    "available": true,
    "created": "2023-10-09T16:54:30.949Z",
    "updated": "2023-10-09T16:54:30.949Z",
    "types": [
      1,
      7,
      12
    ]
  }
},
{
  "model": "shop.product",
  "pk": 20,
  "fields": {
    "name": "Филадельфия Лайт с Огурцом",
    "slug": "filadelfiya-lajt-s-ogurtsom",
    "characteristics": "Белки\n5 г.\nЖиры\n6 г.\nУглеводы\n24 г.\nКалорийность\n166 кКал",
    "category": 1,
    "image": "products/2023/10/10/103d9a188c28c45c020cd602fcbd1e10.jpeg",
    "price": 549,
    "weight": "175 гр. 8 шт.",
    "available": true,
    "created": "2023-10-09T16:54:30.957Z",
    "updated": "2023-10-09T16:54:30.957Z",
    "types": [
      1,
      6,
      7
    ]
  }
},
{
  "model": "shop.product",
  "pk": 21,
  "fields": {
    "name": "Ролл Сяке-спайс",
    "slug": "roll-syake-spajs",
    "characteristics": "Белки\n6 г.\nЖиры\n10 г.\nУглеводы\n28 г.\nКалорийность\n225 кКал",
    "category": 1,
    "image": "products/2023/10/10/53243d004f11c11b5d285f08167f8d2f.jpeg",
    "price": 459,
    "weight": "180 гр. 8 шт.",
    "available": true,
    "created": "2023-10-09T16:54:30.964Z",
    "updated": "2023-10-09T16:54:30.964Z",
    "types": [
      7,
      8,
      30
    ]
  }
},
{
  "model": "shop.product",
  "pk": 22,
  "fields": {
    "name": "Ролл Сливочный сяке-темпура",
    "slug": "roll-slivochnyij-syake-tempura",
    "characteristics": "Белки\n6 г.\nЖиры\n9 г.\nУглеводы\n31 г.\nКалорийность\n225 кКал",
    "category": 1,
    "image": "products/2023/10/10/3db02941ce9694d4cf9706712bf0210d.png",
    "price": 449,
    "weight": "240 гр. 8 шт.",
    "available": true,
    "created": "2023-10-09T16:54:30.975Z",
    "updated": "2023-10-09T16:54:30.975Z",
    "types": [
      1,
      7,
      12,
      14,
      15,
      36
    ]
  }
},
{
  "model": "shop.product",
  "pk": 23,
  "fields": {
    "name": "Ролл Гриль-чиз с лососем",
    "slug": "roll-gril-chiz-s-lososem",
    "characteristics": "Белки\n8 г.\nЖиры\n16 г.\nУглеводы\n23 г.\nКалорийность\n265 кКал",
    "category": 1,
    "image": "products/2023/10/10/11068fd104270dbb33fb3dafb6f2e8bf.jpeg",
    "price": 439,
    "weight": "220 гр. 8 шт.",
    "available": true,
    "created": "2023-10-09T16:54:30.987Z",
    "updated": "2023-10-09T16:54:30.987Z",
    "types": [
      1,
      7,
      12,
      24,
      30,
      37,
      38
    ]
  }
},
{
  "model": "shop.product",
  "pk": 24,
  "fields": {
    "name": "Ролл Черный принц",
    "slug": "roll-chernyij-prints",
    "characteristics": "Белки\n6 г.\nЖиры\n9 г.\nУглеводы\n28 г.\nКалорийность\n211 кКал",
    "category": 1,
    "image": "products/2023/10/10/7ef1db3f05fcddae80bca5a3c22a27d4.jpeg",
    "price": 309,
    "weight": "230 гр. 8 шт.",
    "available": true,
    "created": "2023-10-09T16:54:31.003Z",
    "updated": "2023-10-09T16:54:31.003Z",
    "types": [
      7,
      9,
      18,
      22,
      39,
      40,
      41
    ]
  }
},
{
  "model": "shop.product",
  "pk": 25,
  "fields": {
    "name": "Ролл Копченая цыпа",
    "slug": "roll-kopchenaya-tsyipa",
    "characteristics": "Белки\n5 г.\nЖиры\n7 г.\nУглеводы\n25 г.\nКалорийность\n176 кКал",
    "category": 1,
    "image": "products/2023/10/10/f9c1322f08df32ee7a96e5ec1961b9f8.jpeg",
    "price": 199,
    "weight": "180 гр. 8 шт.",
    "available": true,
    "created": "2023-10-09T16:54:31.012Z",
    "updated": "2023-10-09T16:54:31.012Z",
    "types": [
      6,
      7,
      9,
      21
    ]
  }
},
{
  "model": "shop.product",
  "pk": 26,
  "fields": {
    "name": "Ролл Цыпа маки гриль",
    "slug": "roll-tsyipa-maki-gril",
    "characteristics": "Белки\n9 г.\nЖиры\n11 г.\nУглеводы\n22 г.\nКалорийность\n224 кКал",
    "category": 1,
    "image": "products/2023/10/10/77d7cc51984f149578de405581d0bd15.jpeg",
    "price": 309,
    "weight": "225 гр. 8 шт.",
    "available": true,
    "created": "2023-10-09T16:54:31.023Z",
    "updated": "2023-10-09T16:54:31.023Z",
    "types": [
      7,
      18,
      24,
      42
    ]
  }
},
{
  "model": "shop.product",
  "pk": 27,
  "fields": {
    "name": "Ролл Гейша",
    "slug": "roll-gejsha",
    "characteristics": "Белки\n5 г.\nЖиры\n6 г.\nУглеводы\n27 г.\nКалорийность\n184 кКал",
    "category": 1,
    "image": "products/2023/10/10/4cba5ee7244426d9acc3bf0d873b17bf.jpeg",
    "price": 339,
    "weight": "170 гр. 8 шт.",
    "available": true,
    "created": "2023-10-09T16:54:31.031Z",
    "updated": "2023-10-09T16:54:31.031Z",
    "types": [
      1,
      6,
      7
    ]
  }
},
{
  "model": "shop.product",
  "pk": 28,
  "fields": {
    "name": "Ролл Лава",
    "slug": "roll-lava",
    "characteristics": "Белки\n5 г.\nЖиры\n13 г.\nУглеводы\n23 г.\nКалорийность\n226 кКал",
    "category": 1,
    "image": "products/2023/10/10/05e924fb64f022abd9a0c732b21ac1c8.jpeg",
    "price": 389,
    "weight": "210 гр. 8 шт.",
    "available": true,
    "created": "2023-10-09T16:54:31.040Z",
    "updated": "2023-10-09T16:54:31.040Z",
    "types": [
      1,
      6,
      7,
      43
    ]
  }
},
{
  "model": "shop.product",
  "pk": 29,
  "fields": {
    "name": "Ролл Калифорния",
    "slug": "roll-kaliforniya",
    "characteristics": "Белки\n7 г.\nЖиры\n3 г.\nУглеводы\n27 г.\nКалорийность\n164 кКал",
    "category": 1,
    "image": "products/2023/10/10/6dc5a9f9f8ae297cf2499ba968d6e6d0.jpeg",
    "price": 329,
    "weight": "180 гр. 8 шт.",
    "available": true,
    "created": "2023-10-09T16:54:31.047Z",
    "updated": "2023-10-09T16:54:31.047Z",
    "types": [
      6,
      17,
      37,
      39
    ]
  }
},
{
  "model": "shop.product",
  "pk": 30,
  "fields": {
    "name": "Ролл Сяке Маки",
    "slug": "roll-syake-maki",
    "characteristics": "Белки\n9 г.\nЖиры\n6 г.\nУглеводы\n40 г.\nКалорийность\n250 кКал",
    "category": 1,
    "image": "products/2023/10/10/476cd2029f2dc52c24f76ebc28038c9d.jpeg",
    "price": 559,
    "weight": "135 гр. 8 шт.",
    "available": true,
    "created": "2023-10-09T16:54:31.054Z",
    "updated": "2023-10-09T16:54:31.054Z",
    "types": [
      1
    ]
  }
},
{
  "model": "shop.product",
  "pk": 31,
  "fields": {
    "name": "Ролл Эби Шик",
    "slug": "roll-ebi-shik",
    "characteristics": "Белки\n7 г.\nЖиры\n10 г.\nУглеводы\n28 г.\nКалорийность\n231 кКал",
    "category": 1,
    "image": "products/2023/10/10/af6af6308c48e5c41356e0cfe386cc63.jpeg",
    "price": 329,
    "weight": "300 гр. 8 шт.",
    "available": true,
    "created": "2023-10-09T16:54:31.067Z",
    "updated": "2023-10-09T16:54:31.067Z",
    "types": [
      5,
      12,
      14,
      15,
      20,
      22,
      24,
      37,
      38,
      44
    ]
  }
},
{
  "model": "shop.product",
  "pk": 32,
  "fields": {
    "name": "Ролл Темпура",
    "slug": "roll-tempura",
    "characteristics": "Белки\n6 г.\nЖиры\n6 г.\nУглеводы\n32 г.\nКалорийность\n202 кКал",
    "category": 1,
    "image": "products/2023/10/10/3ce74e9edeb32c7a6af0414a1d3bf4f6.jpeg",
    "price": 369,
    "weight": "240 гр. 8 шт.",
    "available": true,
    "created": "2023-10-09T16:54:31.077Z",
    "updated": "2023-10-09T16:54:31.077Z",
    "types": [
      1,
      6,
      7,
      14,
      15
    ]
  }
},
{
  "model": "shop.product",
  "pk": 33,
  "fields": {
    "name": "Ролл Панко с беконом",
    "slug": "roll-panko-s-bekonom",
    "characteristics": "Белки\n4 г.\nЖиры\n8 г.\nУглеводы\n30 г.\nКалорийность\n210 кКал",
    "category": 1,
    "image": "products/2023/10/10/7c23ac6a1add5dac2b826e4eb96355fd.jpeg",
    "price": 239,
    "weight": "290 гр. 8 шт.",
    "available": true,
    "created": "2023-10-09T16:54:31.090Z",
    "updated": "2023-10-09T16:54:31.090Z",
    "types": [
      6,
      7,
      12,
      14,
      15,
      20,
      23,
      40,
      45
    ]
  }
},
{
  "model": "shop.product",
  "pk": 34,
  "fields": {
    "name": "Ролл Унаги Сяке",
    "slug": "roll-unagi-syake",
    "characteristics": "Белки\n6 г.\nЖиры\n10 г.\nУглеводы\n27 г.\nКалорийность\n219 кКал",
    "category": 1,
    "image": "products/2023/10/10/91ae566ee231c2941553b9436eed8832.jpeg",
    "price": 449,
    "weight": "205 гр. 8 шт.",
    "available": true,
    "created": "2023-10-09T16:54:31.102Z",
    "updated": "2023-10-09T16:54:31.102Z",
    "types": [
      1,
      6,
      7,
      9,
      13,
      37,
      46
    ]
  }
},
{
  "model": "shop.product",
  "pk": 35,
  "fields": {
    "name": "Ролл Канадский",
    "slug": "roll-kanadskij",
    "characteristics": "Белки\n5 г.\nЖиры\n6 г.\nУглеводы\n26 г.\nКалорийность\n178 кКал",
    "category": 1,
    "image": "products/2023/10/10/3e22df6bd4ada7fe39c00ac7cbdb35d7.jpeg",
    "price": 489,
    "weight": "195 гр. 8 шт.",
    "available": true,
    "created": "2023-10-09T16:54:31.113Z",
    "updated": "2023-10-09T16:54:31.113Z",
    "types": [
      1,
      6,
      7,
      9,
      13,
      47
    ]
  }
},
{
  "model": "shop.product",
  "pk": 36,
  "fields": {
    "name": "Ролл Унаги Маки",
    "slug": "roll-unagi-maki",
    "characteristics": "Белки\n4 г.\nЖиры\n2 г.\nУглеводы\n33 г.\nКалорийность\n168 кКал",
    "category": 1,
    "image": "products/2023/10/10/25081cb7ea67f856710b6c7014ccdcac.jpeg",
    "price": 339,
    "weight": "160 гр. 8 шт.",
    "available": true,
    "created": "2023-10-09T16:54:31.121Z",
    "updated": "2023-10-09T16:54:31.121Z",
    "types": [
      6,
      9,
      13,
      47
    ]
  }
},
{
  "model": "shop.product",
  "pk": 37,
  "fields": {
    "name": "Ролл Сакура",
    "slug": "roll-sakura",
    "characteristics": "Белки\n6 г.\nЖиры\n4 г.\nУглеводы\n31 г.\nКалорийность\n186 кКал",
    "category": 1,
    "image": "products/2023/10/10/f6825794851b96c7146a16c6810842c6.jpeg",
    "price": 359,
    "weight": "220 гр. 8 шт.",
    "available": true,
    "created": "2023-10-09T16:54:31.129Z",
    "updated": "2023-10-09T16:54:31.129Z",
    "types": [
      7,
      15,
      17,
      39
    ]
  }
},
{
  "model": "shop.product",
  "pk": 38,
  "fields": {
    "name": "Ролл Хиноки",
    "slug": "roll-hinoki",
    "characteristics": "Белки\n7 г.\nЖиры\n12 г.\nУглеводы\n33 г.\nКалорийность\n265 кКал",
    "category": 1,
    "image": "products/2023/10/10/0b8fb164649e936b2c97c182998441f5.jpeg",
    "price": 339,
    "weight": "235 гр. 8 шт.",
    "available": true,
    "created": "2023-10-09T16:54:31.138Z",
    "updated": "2023-10-09T16:54:31.138Z",
    "types": [
      1,
      7,
      13,
      41
    ]
  }
},
{
  "model": "shop.product",
  "pk": 39,
  "fields": {
    "name": "Аки Ролл",
    "slug": "aki-roll",
    "characteristics": "Белки\n11 г.\nЖиры\n22 г.\nУглеводы\n28 г.\nКалорийность\n355 кКал",
    "category": 1,
    "image": "products/2023/10/10/c6ef3e8e53600335a79abb44a70f783c.jpeg",
    "price": 399,
    "weight": "140 гр. 8 шт.",
    "available": true,
    "created": "2023-10-09T16:54:31.146Z",
    "updated": "2023-10-09T16:54:31.146Z",
    "types": [
      1,
      7,
      12,
      33
    ]
  }
},
{
  "model": "shop.product",
  "pk": 40,
  "fields": {
    "name": "Чикен ролл",
    "slug": "chiken-roll",
    "characteristics": "Белки\n10 г.\nЖиры\n15 г.\nУглеводы\n22 г.\nКалорийность\n260 кКал",
    "category": 1,
    "image": "products/2023/10/10/4c54669cce9737cafb56f16093814ffc.jpeg",
    "price": 259,
    "weight": "165 гр. 8 шт.",
    "available": true,
    "created": "2023-10-09T16:54:31.157Z",
    "updated": "2023-10-09T16:54:31.157Z",
    "types": [
      6,
      7,
      40,
      42,
      48
    ]
  }
},
{
  "model": "shop.product",
  "pk": 41,
  "fields": {
    "name": "Ролл Рико",
    "slug": "roll-riko",
    "characteristics": "Белки\n5 г.\nЖиры\n6 г.\nУглеводы\n30 г.\nКалорийность\n198 кКал",
    "category": 1,
    "image": "products/2023/10/10/d40edc6851826d02143a275f2152bb39.jpeg",
    "price": 359,
    "weight": "190 гр. 8 шт.",
    "available": true,
    "created": "2023-10-09T16:54:31.167Z",
    "updated": "2023-10-09T16:54:31.167Z",
    "types": [
      1,
      6,
      7,
      9,
      13,
      49
    ]
  }
},
{
  "model": "shop.product",
  "pk": 42,
  "fields": {
    "name": "Ролл Томато",
    "slug": "roll-tomato",
    "characteristics": "Белки\n3 г.\nЖиры\n4 г.\nУглеводы\n31 г.\nКалорийность\n173 кКал",
    "category": 1,
    "image": "products/2023/10/10/7047bb37941b261b1f8de5342922e557.jpeg",
    "price": 149,
    "weight": "160 гр. 8 шт.",
    "available": true,
    "created": "2023-10-09T16:54:31.173Z",
    "updated": "2023-10-09T16:54:31.173Z",
    "types": [
      2,
      7
    ]
  }
},
{
  "model": "shop.product",
  "pk": 43,
  "fields": {
    "name": "Ролл Восходящее солнце",
    "slug": "roll-voshodyaschee-solntse",
    "characteristics": "Белки\n6 г.\nЖиры\n4 г.\nУглеводы\n25 г.\nКалорийность\n162 кКал",
    "category": 1,
    "image": "products/2023/10/10/196866359fbaa07b6dffc1638f0cc264.jpeg",
    "price": 339,
    "weight": "180 гр. 8 шт.",
    "available": true,
    "created": "2023-10-09T16:54:31.182Z",
    "updated": "2023-10-09T16:54:31.182Z",
    "types": [
      5,
      6,
      7,
      17
    ]
  }
},
{
  "model": "shop.product",
  "pk": 44,
  "fields": {
    "name": "Ролл Цунами",
    "slug": "roll-tsunami",
    "characteristics": "Белки\n3 г.\nЖиры\n10 г.\nУглеводы\n23 г.\nКалорийность\n194 кКал",
    "category": 1,
    "image": "products/2023/10/10/6259d00724408a1010797ce03fc02ee5.jpeg",
    "price": 179,
    "weight": "200 гр. 8 шт.",
    "available": true,
    "created": "2023-10-09T16:54:31.190Z",
    "updated": "2023-10-09T16:54:31.190Z",
    "types": [
      6,
      7,
      20,
      43
    ]
  }
},
{
  "model": "shop.product",
  "pk": 45,
  "fields": {
    "name": "Ролл Сливочный каппа маки",
    "slug": "roll-slivochnyij-kappa-maki",
    "characteristics": "Белки\n4 г.\nЖиры\n5 г.\nУглеводы\n35 г.\nКалорийность\n198 кКал",
    "category": 1,
    "image": "products/2023/10/10/ca8c839dbd4e59e3ac84ac92df8a86f4.jpeg",
    "price": 159,
    "weight": "170 гр. 8 шт.",
    "available": true,
    "created": "2023-10-09T16:54:31.197Z",
    "updated": "2023-10-09T16:54:31.197Z",
    "types": [
      6,
      7
    ]
  }
},
{
  "model": "shop.product",
  "pk": 46,
  "fields": {
    "name": "Ролл Унаги Филадельфия",
    "slug": "roll-unagi-filadelfiya",
    "characteristics": "Белки\n5 г.\nЖиры\n8 г.\nУглеводы\n29 г.\nКалорийность\n203 кКал",
    "category": 1,
    "image": "products/2023/10/10/e7865f4ae064fa7a92b40540cd0bc6bd.jpeg",
    "price": 489,
    "weight": "215 гр. 8 шт.",
    "available": true,
    "created": "2023-10-09T16:54:31.204Z",
    "updated": "2023-10-09T16:54:31.204Z",
    "types": [
      6,
      7,
      9,
      13,
      47
    ]
  }
},
{
  "model": "shop.product",
  "pk": 47,
  "fields": {
    "name": "Ролл Спайси темпура",
    "slug": "roll-spajsi-tempura",
    "characteristics": "Белки\n6 г.\nЖиры\n10 г.\nУглеводы\n32 г.\nКалорийность\n244 кКал",
    "category": 1,
    "image": "products/2023/10/10/81d80d148c511be084bf7870c001176e.jpeg",
    "price": 259,
    "weight": "220 гр. 8 шт.",
    "available": true,
    "created": "2023-10-09T16:54:31.215Z",
    "updated": "2023-10-09T16:54:31.215Z",
    "types": [
      7,
      21,
      40,
      44,
      48
    ]
  }
},
{
  "model": "shop.product",
  "pk": 48,
  "fields": {
    "name": "Ролл Бекон Чиз",
    "slug": "roll-bekon-chiz",
    "characteristics": "Белки\n7 г.\nЖиры\n12 г.\nУглеводы\n26 г.\nКалорийность\n237 кКал",
    "category": 1,
    "image": "products/2023/10/10/261a6aacf72a30aef520ef9f084d4973.jpeg",
    "price": 259,
    "weight": "235 гр. 8 шт.",
    "available": true,
    "created": "2023-10-09T16:54:31.224Z",
    "updated": "2023-10-09T16:54:31.224Z",
    "types": [
      7,
      14,
      22,
      24,
      41,
      45
    ]
  }
},
{
  "model": "shop.product",
  "pk": 49,
  "fields": {
    "name": "Ролл Калифорния-краб",
    "slug": "roll-kaliforniya-krab",
    "characteristics": "Белки\n5 г.\nЖиры\n6 г.\nУглеводы\n26 г.\nКалорийность\n176 кКал",
    "category": 1,
    "image": "products/2023/10/10/2f862d806a63f050057b4eec2258071a.jpeg",
    "price": 259,
    "weight": "210 гр. 8 шт.",
    "available": true,
    "created": "2023-10-09T16:54:31.231Z",
    "updated": "2023-10-09T16:54:31.231Z",
    "types": [
      6,
      17,
      20
    ]
  }
},
{
  "model": "shop.product",
  "pk": 50,
  "fields": {
    "name": "Ролл Каппа Маки",
    "slug": "roll-kappa-maki",
    "characteristics": "Белки\n3 г.\nЖиры\n0 г.\nУглеводы\n40 г.\nКалорийность\n179 кКал",
    "category": 1,
    "image": "products/2023/10/10/89e064a352d25bd1b3b81980fa0e221c.jpeg",
    "price": 139,
    "weight": "135 гр. 8 шт.",
    "available": true,
    "created": "2023-10-09T16:54:31.236Z",
    "updated": "2023-10-09T16:54:31.236Z",
    "types": [
      6
    ]
  }
},
{
  "model": "shop.product",
  "pk": 51,
  "fields": {
    "name": "Ролл Чукка Маки",
    "slug": "roll-chukka-maki",
    "characteristics": "Белки\n3 г.\nЖиры\n3 г.\nУглеводы\n39 г.\nКалорийность\n198 кКал",
    "category": 1,
    "image": "products/2023/10/10/9a626158d2bf16250b434c50181ec8ae.jpeg",
    "price": 149,
    "weight": "145 гр. 8 шт.",
    "available": true,
    "created": "2023-10-09T16:54:31.247Z",
    "updated": "2023-10-09T16:54:31.247Z",
    "types": [
      50,
      51
    ]
  }
},
{
  "model": "shop.product",
  "pk": 52,
  "fields": {
    "name": "Ролл Окинава",
    "slug": "roll-okinava",
    "characteristics": "Белки\n5 г.\nЖиры\n8 г.\nУглеводы\n28 г.\nКалорийность\n200 кКал",
    "category": 1,
    "image": "products/2023/10/10/676bde11ca395e25e47f9f8cc61a040f.jpeg",
    "price": 199,
    "weight": "195 гр. 8 шт.",
    "available": true,
    "created": "2023-10-09T16:54:31.256Z",
    "updated": "2023-10-09T16:54:31.256Z",
    "types": [
      7,
      9,
      18,
      22,
      41
    ]
  }
},
{
  "model": "shop.product",
  "pk": 53,
  "fields": {
    "name": "Сэндвич с беконом",
    "slug": "sendvich-s-bekonom",
    "characteristics": "Белки\n6 г.\nЖиры\n10 г.\nУглеводы\n31 г.\nКалорийность\n234 кКал",
    "category": 1,
    "image": "products/2023/10/10/f44de2916e1f128377188e2f28cea9c5.jpeg",
    "price": 299,
    "weight": "270 гр.",
    "available": true,
    "created": "2023-10-09T16:54:31.266Z",
    "updated": "2023-10-09T16:54:31.266Z",
    "types": [
      2,
      7,
      14,
      15,
      23,
      30,
      35,
      45
    ]
  }
},
{
  "model": "shop.product",
  "pk": 54,
  "fields": {
    "name": "Сэндвич овощной",
    "slug": "sendvich-ovoschnoj",
    "characteristics": "Белки\n4 г.\nЖиры\n8 г.\nУглеводы\n31 г.\nКалорийность\n208 кКал",
    "category": 1,
    "image": "products/2023/10/10/b168e6692d0fe75a31127f4b9873bb89.jpeg",
    "price": 229,
    "weight": "250 гр.",
    "available": true,
    "created": "2023-10-09T16:54:31.279Z",
    "updated": "2023-10-09T16:54:31.279Z",
    "types": [
      2,
      7,
      12,
      14,
      15,
      35,
      37,
      49,
      52
    ]
  }
},
{
  "model": "shop.product",
  "pk": 55,
  "fields": {
    "name": "Эби гункан",
    "slug": "ebi-gunkan",
    "characteristics": "Белки\n8 г.\nЖиры\n10 г.\nУглеводы\n26 г.\nКалорийность\n228 кКал",
    "category": 2,
    "image": "products/2023/10/10/70a9611e6ba6909096bf5668146c40f9.jpeg",
    "price": 115,
    "weight": "35 гр. 1 шт.",
    "available": true,
    "created": "2023-10-09T16:56:13.379Z",
    "updated": "2023-10-09T16:56:13.379Z",
    "types": [
      37,
      39,
      53
    ]
  }
},
{
  "model": "shop.product",
  "pk": 56,
  "fields": {
    "name": "Спайси хотате гункан",
    "slug": "spajsi-hotate-gunkan",
    "characteristics": "Белки\n8 г.\nЖиры\n9 г.\nУглеводы\n26 г.\nКалорийность\n212 кКал",
    "category": 2,
    "image": "products/2023/10/10/53c1078720ecd187aa93949d5a891b1e.jpeg",
    "price": 149,
    "weight": "35 гр. 1 шт.",
    "available": true,
    "created": "2023-10-09T16:56:13.394Z",
    "updated": "2023-10-09T16:56:13.394Z",
    "types": [
      16,
      40
    ]
  }
},
{
  "model": "shop.product",
  "pk": 57,
  "fields": {
    "name": "Икура гункан",
    "slug": "ikura-gunkan",
    "characteristics": "Белки\n12 г.\nЖиры\n5 г.\nУглеводы\n31 г.\nКалорийность\n215 кКал",
    "category": 2,
    "image": "products/2023/10/10/03a8d66e5d5f7ddc0b0e88eac4115704.jpeg",
    "price": 179,
    "weight": "35 гр. 1 шт.",
    "available": true,
    "created": "2023-10-09T16:56:13.401Z",
    "updated": "2023-10-09T16:56:13.401Z",
    "types": [
      54
    ]
  }
},
{
  "model": "shop.product",
  "pk": 58,
  "fields": {
    "name": "Чукка гункан",
    "slug": "chukka-gunkan",
    "characteristics": "Белки\n3 г.\nЖиры\n3 г.\nУглеводы\n30 г.\nКалорийность\n158 кКал",
    "category": 2,
    "image": "products/2023/10/10/74ada69f4c175826cd25564e53ddbb5c.jpeg",
    "price": 99,
    "weight": "35 гр. 1 шт.",
    "available": true,
    "created": "2023-10-09T16:56:13.408Z",
    "updated": "2023-10-09T16:56:13.408Z",
    "types": [
      50,
      51
    ]
  }
},
{
  "model": "shop.product",
  "pk": 59,
  "fields": {
    "name": "Масаго гункан",
    "slug": "masago-gunkan",
    "characteristics": "Белки\n10 г.\nЖиры\n6 г.\nУглеводы\n29 г.\nКалорийность\n203 кКал",
    "category": 2,
    "image": "products/2023/10/10/b8ee202b3748c445801820cfbeb3af2d.jpeg",
    "price": 119,
    "weight": "35 гр. 1 шт.",
    "available": true,
    "created": "2023-10-09T16:56:13.417Z",
    "updated": "2023-10-09T16:56:13.417Z",
    "types": [
      53,
      6
    ]
  }
},
{
  "model": "shop.product",
  "pk": 60,
  "fields": {
    "name": "Миди спайси гункан",
    "slug": "midi-spajsi-gunkan",
    "characteristics": "Белки\n6 г.\nЖиры\n9 г.\nУглеводы\n26 г.\nКалорийность\n203 кКал",
    "category": 2,
    "image": "products/2023/10/10/81df61b8b91e1cadfe9007e96279160b.jpeg",
    "price": 119,
    "weight": "35 гр. 1 шт.",
    "available": true,
    "created": "2023-10-09T16:56:13.425Z",
    "updated": "2023-10-09T16:56:13.425Z",
    "types": [
      40,
      55
    ]
  }
},
{
  "model": "shop.product",
  "pk": 61,
  "fields": {
    "name": "Сяке спайси гункан",
    "slug": "syake-spajsi-gunkan",
    "characteristics": "Белки\n9 г.\nЖиры\n15 г.\nУглеводы\n26 г.\nКалорийность\n277 кКал",
    "category": 2,
    "image": "products/2023/10/10/baf7b262c543c58781fd89e1fba4a469.jpeg",
    "price": 119,
    "weight": "35 гр. 1 шт.",
    "available": true,
    "created": "2023-10-09T16:56:13.433Z",
    "updated": "2023-10-09T16:56:13.433Z",
    "types": [
      40,
      1
    ]
  }
},
{
  "model": "shop.product",
  "pk": 62,
  "fields": {
    "name": "Унаги спайси гункан",
    "slug": "unagi-spajsi-gunkan",
    "characteristics": "Белки\n8 г.\nЖиры\n12 г.\nУглеводы\n31 г.\nКалорийность\n258 кКал",
    "category": 2,
    "image": "products/2023/10/10/acd0c025c9209b3f70472a897d42e9ef.jpeg",
    "price": 149,
    "weight": "35 гр. 1 шт.",
    "available": true,
    "created": "2023-10-09T16:56:13.441Z",
    "updated": "2023-10-09T16:56:13.441Z",
    "types": [
      40,
      47,
      56
    ]
  }
},
{
  "model": "shop.product",
  "pk": 63,
  "fields": {
    "name": "Хотате суши",
    "slug": "hotate-sushi",
    "characteristics": "Белки\n8 г.\nЖиры\n1 г.\nУглеводы\n31 г.\nКалорийность\n165 кКал",
    "category": 2,
    "image": "products/2023/10/10/c0bc9f401fb6fbb9d8297aa437cdc825.jpeg",
    "price": 149,
    "weight": "35 гр. 1 шт.",
    "available": true,
    "created": "2023-10-09T16:56:13.448Z",
    "updated": "2023-10-09T16:56:13.448Z",
    "types": [
      16
    ]
  }
},
{
  "model": "shop.product",
  "pk": 64,
  "fields": {
    "name": "Унаги суши",
    "slug": "unagi-sushi",
    "characteristics": "Белки\n7 г.\nЖиры\n5 г.\nУглеводы\n37 г.\nКалорийность\n223 кКал",
    "category": 2,
    "image": "products/2023/10/10/e4275ae0ad28dfed6fde6b2a8827e306.jpeg",
    "price": 119,
    "weight": "35 гр. 1 шт.",
    "available": true,
    "created": "2023-10-09T16:56:13.456Z",
    "updated": "2023-10-09T16:56:13.456Z",
    "types": [
      9,
      13,
      47
    ]
  }
},
{
  "model": "shop.product",
  "pk": 65,
  "fields": {
    "name": "Эби суши",
    "slug": "ebi-sushi",
    "characteristics": "Белки\n8 г.\nЖиры\n0 г.\nУглеводы\n31 г.\nКалорийность\n158 кКал",
    "category": 2,
    "image": "products/2023/10/10/805f0f4456d769a56ed54d00cfc09aac.jpeg",
    "price": 119,
    "weight": "35 гр. 1 шт.",
    "available": true,
    "created": "2023-10-09T16:56:13.462Z",
    "updated": "2023-10-09T16:56:13.462Z",
    "types": [
      39
    ]
  }
},
{
  "model": "shop.product",
  "pk": 66,
  "fields": {
    "name": "Чипсы Тортиллас",
    "slug": "chipsyi-tortillas",
    "characteristics": "Белки\n7 г.\nЖиры\n7 г.\nУглеводы\n50 г.\nКалорийность\n288 кКал",
    "category": 3,
    "image": "products/2023/10/10/9e50dfa5c143d0dff43901007d664a0c.jpeg",
    "price": 79,
    "weight": "65 гр.",
    "available": true,
    "created": "2023-10-09T16:57:16.791Z",
    "updated": "2023-10-09T16:57:16.791Z",
    "types": [
      33
    ]
  }
},
{
  "model": "shop.product",
  "pk": 67,
  "fields": {
    "name": "Спринг-ролл Цезарь",
    "slug": "spring-roll-tsezar",
    "characteristics": "Белки\n7 г.\nЖиры\n12 г.\nУглеводы\n24 г.\nКалорийность\n234 кКал",
    "category": 3,
    "image": "products/2023/10/10/6fb8126f110b00425c357fbc6940ac0c.jpeg",
    "price": 279,
    "weight": "190 гр.",
    "available": true,
    "created": "2023-10-09T16:57:16.809Z",
    "updated": "2023-10-09T16:57:16.809Z",
    "types": [
      2,
      33,
      35,
      57,
      58
    ]
  }
},
{
  "model": "shop.product",
  "pk": 68,
  "fields": {
    "name": "Спринг-ролл Цезарь спайси",
    "slug": "spring-roll-tsezar-spajsi",
    "characteristics": "Белки\n7 г.\nЖиры\n14 г.\nУглеводы\n24 г.\nКалорийность\n250 кКал",
    "category": 3,
    "image": "products/2023/10/10/4eb1cbbd9021ef7a76fce92eb9a619a2.jpeg",
    "price": 279,
    "weight": "190 гр.",
    "available": true,
    "created": "2023-10-09T16:57:16.821Z",
    "updated": "2023-10-09T16:57:16.821Z",
    "types": [
      2,
      33,
      35,
      40,
      57
    ]
  }
},
{
  "model": "shop.product",
  "pk": 69,
  "fields": {
    "name": "Спринг-ролл Цезарь с фри",
    "slug": "spring-roll-tsezar-s-fri",
    "characteristics": "Белки\n7 г.\nЖиры\n12 г.\nУглеводы\n24 г.\nКалорийность\n230 кКал",
    "category": 3,
    "image": "products/2023/10/10/8e9ef82890e13144bca77f701cea324b.jpeg",
    "price": 289,
    "weight": "200 гр.",
    "available": true,
    "created": "2023-10-09T16:57:16.833Z",
    "updated": "2023-10-09T16:57:16.833Z",
    "types": [
      2,
      33,
      35,
      57,
      58,
      59
    ]
  }
},
{
  "model": "shop.product",
  "pk": 70,
  "fields": {
    "name": "Спринг-ролл Цезарь спайси с фри",
    "slug": "spring-roll-tsezar-spajsi-s-fri",
    "characteristics": "Белки\n7 г.\nЖиры\n13 г.\nУглеводы\n24 г.\nКалорийность\n244 кКал",
    "category": 3,
    "image": "products/2023/10/10/7d0344b8e01620e01999854d2378812a.jpeg",
    "price": 289,
    "weight": "200 гр.",
    "available": true,
    "created": "2023-10-09T16:57:16.844Z",
    "updated": "2023-10-09T16:57:16.844Z",
    "types": [
      2,
      33,
      35,
      40,
      57,
      59
    ]
  }
},
{
  "model": "shop.product",
  "pk": 71,
  "fields": {
    "name": "Наггетсы",
    "slug": "naggetsyi",
    "characteristics": "Белки\n7 г.\nЖиры\n13 г.\nУглеводы\n24 г.\nКалорийность\n244 кКал",
    "category": 3,
    "image": "products/2023/10/10/3d67c4a8989574a45753bc350d73e992.jpeg",
    "price": 179,
    "weight": "90 гр.",
    "available": true,
    "created": "2023-10-09T16:57:16.853Z",
    "updated": "2023-10-09T16:57:16.853Z",
    "types": [
      2,
      33,
      35,
      40,
      57,
      59
    ]
  }
},
{
  "model": "shop.product",
  "pk": 72,
  "fields": {
    "name": "Картофельные дольки",
    "slug": "kartofelnyie-dolki",
    "characteristics": "Белки\n3 г.\nЖиры\n5 г.\nУглеводы\n23 г.\nКалорийность\n142 кКал",
    "category": 3,
    "image": "products/2023/10/10/292b177f4d80ad14c9086e6cae832fe0.jpeg",
    "price": 199,
    "weight": "120 гр.",
    "available": true,
    "created": "2023-10-09T16:57:16.860Z",
    "updated": "2023-10-09T16:57:16.860Z",
    "types": [
      59
    ]
  }
},
{
  "model": "shop.product",
  "pk": 73,
  "fields": {
    "name": "Картофель фри с наггетсами",
    "slug": "kartofel-fri-s-naggetsami",
    "characteristics": "Белки\n7 г.\nЖиры\n6 г.\nУглеводы\n21 г.\nКалорийность\n169 кКал",
    "category": 3,
    "image": "products/2023/10/10/c8ca4f2984d316aa10b44a5d591b3d62.jpeg",
    "price": 349,
    "weight": "210 гр.",
    "available": true,
    "created": "2023-10-09T16:57:16.868Z",
    "updated": "2023-10-09T16:57:16.868Z",
    "types": [
      59,
      60
    ]
  }
},
{
  "model": "shop.product",
  "pk": 74,
  "fields": {
    "name": "Картофель фри со стрипсами",
    "slug": "kartofel-fri-so-stripsami",
    "characteristics": "Белки\n8 г.\nЖиры\n7 г.\nУглеводы\n21 г.\nКалорийность\n174 кКал",
    "category": 3,
    "image": "products/2023/10/10/f60c64dcbb3661474bff0cb48a84cb55.png",
    "price": 419,
    "weight": "220 гр.",
    "available": true,
    "created": "2023-10-09T16:57:16.875Z",
    "updated": "2023-10-09T16:57:16.875Z",
    "types": [
      57,
      59
    ]
  }
},
{
  "model": "shop.product",
  "pk": 75,
  "fields": {
    "name": "Картофель фри",
    "slug": "kartofel-fri",
    "characteristics": "Белки\n3 г.\nЖиры\n5 г.\nУглеводы\n23 г.\nКалорийность\n142 кКал",
    "category": 3,
    "image": "products/2023/10/10/f9975aaed4f45a761dc9b75e9367c410.jpeg",
    "price": 179,
    "weight": "120 гр.",
    "available": true,
    "created": "2023-10-09T16:57:16.881Z",
    "updated": "2023-10-09T16:57:16.881Z",
    "types": [
      59
    ]
  }
},
{
  "model": "shop.product",
  "pk": 76,
  "fields": {
    "name": "Сэндвич с беконом",
    "slug": "sendvich-s-bekonom",
    "characteristics": "Белки\n6 г.\nЖиры\n10 г.\nУглеводы\n31 г.\nКалорийность\n234 кКал",
    "category": 3,
    "image": "products/2023/10/10/f44de2916e1f128377188e2f28cea9c5.jpeg",
    "price": 299,
    "weight": "270 гр.",
    "available": true,
    "created": "2023-10-09T16:57:16.895Z",
    "updated": "2023-10-09T16:57:16.895Z",
    "types": [
      2,
      7,
      14,
      15,
      23,
      30,
      35,
      45
    ]
  }
},
{
  "model": "shop.product",
  "pk": 77,
  "fields": {
    "name": "Сэндвич овощной",
    "slug": "sendvich-ovoschnoj",
    "characteristics": "Белки\n4 г.\nЖиры\n8 г.\nУглеводы\n31 г.\nКалорийность\n208 кКал",
    "category": 3,
    "image": "products/2023/10/10/b168e6692d0fe75a31127f4b9873bb89.jpeg",
    "price": 229,
    "weight": "250 гр.",
    "available": true,
    "created": "2023-10-09T16:57:16.909Z",
    "updated": "2023-10-09T16:57:16.909Z",
    "types": [
      2,
      7,
      12,
      14,
      15,
      35,
      37,
      49,
      52
    ]
  }
},
{
  "model": "shop.product",
  "pk": 78,
  "fields": {
    "name": "Сэндвич с курицей",
    "slug": "sendvich-s-kuritsej",
    "characteristics": "Белки\n6 г.\nЖиры\n12 г.\nУглеводы\n29 г.\nКалорийность\n251 кКал",
    "category": 3,
    "image": "products/2023/10/10/ab52cee204f0731d9e74ff192ad1add3.jpeg",
    "price": 299,
    "weight": "250 гр.",
    "available": true,
    "created": "2023-10-09T16:57:16.920Z",
    "updated": "2023-10-09T16:57:16.920Z",
    "types": [
      2,
      3,
      14,
      15,
      21,
      35,
      40
    ]
  }
},
{
  "model": "shop.product",
  "pk": 79,
  "fields": {
    "name": "Сырные палочки",
    "slug": "syirnyie-palochki",
    "characteristics": "Белки\n19 г.\nЖиры\n16 г.\nУглеводы\n23 г.\nКалорийность\n310 кКал",
    "category": 3,
    "image": "products/2023/10/10/50f9de709234b1aecdee70f1bd3177a8.jpeg",
    "price": 389,
    "weight": "150 гр.",
    "available": true,
    "created": "2023-10-09T16:57:16.928Z",
    "updated": "2023-10-09T16:57:16.928Z",
    "types": [
      61
    ]
  }
},
{
  "model": "shop.product",
  "pk": 80,
  "fields": {
    "name": "Кольца кальмара",
    "slug": "koltsa-kalmara",
    "characteristics": "Белки\n11 г.\nЖиры\n6 г.\nУглеводы\n23 г.\nКалорийность\n190 кКал",
    "category": 3,
    "image": "products/2023/10/10/ebaa5bde216791711c96808de4ca93cf.jpeg",
    "price": 359,
    "weight": "110 гр.",
    "available": true,
    "created": "2023-10-09T16:57:16.935Z",
    "updated": "2023-10-09T16:57:16.935Z",
    "types": [
      62
    ]
  }
},
{
  "model": "shop.product",
  "pk": 81,
  "fields": {
    "name": "Луковые кольца",
    "slug": "lukovyie-koltsa",
    "characteristics": "Белки\n4 г.\nЖиры\n4 г.\nУглеводы\n32 г.\nКалорийность\n182 кКал",
    "category": 3,
    "image": "products/2023/10/10/a45568bfee083f27f3a736df6476238a.jpeg",
    "price": 199,
    "weight": "100 гр.",
    "available": true,
    "created": "2023-10-09T16:57:16.941Z",
    "updated": "2023-10-09T16:57:16.941Z",
    "types": [
      63
    ]
  }
},
{
  "model": "shop.product",
  "pk": 82,
  "fields": {
    "name": "Соус Тар-тар",
    "slug": "sous-tar-tar",
    "characteristics": "Белки\n1 г.\nЖиры\n44 г.\nУглеводы\n4 г.\nКалорийность\n411 кКал",
    "category": 3,
    "image": "products/2023/10/10/7b5a21ae51671ce1a682e2455b20e360.jpeg",
    "price": 45,
    "weight": "30 гр.",
    "available": true,
    "created": "2023-10-09T16:57:16.951Z",
    "updated": "2023-10-09T16:57:16.951Z",
    "types": [
      6,
      37,
      64,
      65
    ]
  }
},
{
  "model": "shop.product",
  "pk": 83,
  "fields": {
    "name": "Спринг-ролл Цезарь",
    "slug": "spring-roll-tsezar",
    "characteristics": "Белки\n7 г.\nЖиры\n12 г.\nУглеводы\n24 г.\nКалорийность\n234 кКал",
    "category": 4,
    "image": "products/2023/10/10/6fb8126f110b00425c357fbc6940ac0c.jpeg",
    "price": 279,
    "weight": "190 гр.",
    "available": true,
    "created": "2023-10-09T16:58:10.642Z",
    "updated": "2023-10-09T16:58:10.642Z",
    "types": [
      2,
      33,
      35,
      57,
      58
    ]
  }
},
{
  "model": "shop.product",
  "pk": 84,
  "fields": {
    "name": "Спринг-ролл Цезарь с фри",
    "slug": "spring-roll-tsezar-s-fri",
    "characteristics": "Белки\n7 г.\nЖиры\n12 г.\nУглеводы\n24 г.\nКалорийность\n230 кКал",
    "category": 4,
    "image": "products/2023/10/10/8e9ef82890e13144bca77f701cea324b.jpeg",
    "price": 289,
    "weight": "200 гр.",
    "available": true,
    "created": "2023-10-09T16:58:10.661Z",
    "updated": "2023-10-09T16:58:10.661Z",
    "types": [
      2,
      33,
      35,
      57,
      58,
      59
    ]
  }
},
{
  "model": "shop.product",
  "pk": 85,
  "fields": {
    "name": "Спринг-ролл Цезарь спайси с фри",
    "slug": "spring-roll-tsezar-spajsi-s-fri",
    "characteristics": "Белки\n7 г.\nЖиры\n13 г.\nУглеводы\n24 г.\nКалорийность\n244 кКал",
    "category": 4,
    "image": "products/2023/10/10/7d0344b8e01620e01999854d2378812a.jpeg",
    "price": 289,
    "weight": "200 гр.",
    "available": true,
    "created": "2023-10-09T16:58:10.674Z",
    "updated": "2023-10-09T16:58:10.674Z",
    "types": [
      2,
      33,
      35,
      40,
      57,
      59
    ]
  }
},
{
  "model": "shop.product",
  "pk": 86,
  "fields": {
    "name": "Наггетсы",
    "slug": "naggetsyi",
    "characteristics": "Белки\n7 г.\nЖиры\n13 г.\nУглеводы\n24 г.\nКалорийность\n244 кКал",
    "category": 4,
    "image": "products/2023/10/10/3d67c4a8989574a45753bc350d73e992.jpeg",
    "price": 179,
    "weight": "90 гр.",
    "available": true,
    "created": "2023-10-09T16:58:10.684Z",
    "updated": "2023-10-09T16:58:10.684Z",
    "types": [
      2,
      33,
      35,
      40,
      57,
      59
    ]
  }
},
{
  "model": "shop.product",
  "pk": 87,
  "fields": {
    "name": "Картофельные дольки",
    "slug": "kartofelnyie-dolki",
    "characteristics": "Белки\n3 г.\nЖиры\n5 г.\nУглеводы\n23 г.\nКалорийность\n142 кКал",
    "category": 4,
    "image": "products/2023/10/10/292b177f4d80ad14c9086e6cae832fe0.jpeg",
    "price": 199,
    "weight": "120 гр.",
    "available": true,
    "created": "2023-10-09T16:58:10.691Z",
    "updated": "2023-10-09T16:58:10.691Z",
    "types": [
      59
    ]
  }
},
{
  "model": "shop.product",
  "pk": 88,
  "fields": {
    "name": "Картофель фри с наггетсами",
    "slug": "kartofel-fri-s-naggetsami",
    "characteristics": "Белки\n7 г.\nЖиры\n6 г.\nУглеводы\n21 г.\nКалорийность\n169 кКал",
    "category": 4,
    "image": "products/2023/10/10/c8ca4f2984d316aa10b44a5d591b3d62.jpeg",
    "price": 349,
    "weight": "210 гр.",
    "available": true,
    "created": "2023-10-09T16:58:10.699Z",
    "updated": "2023-10-09T16:58:10.699Z",
    "types": [
      59,
      60
    ]
  }
},
{
  "model": "shop.product",
  "pk": 89,
  "fields": {
    "name": "Картофель фри со стрипсами",
    "slug": "kartofel-fri-so-stripsami",
    "characteristics": "Белки\n8 г.\nЖиры\n7 г.\nУглеводы\n21 г.\nКалорийность\n174 кКал",
    "category": 4,
    "image": "products/2023/10/10/f60c64dcbb3661474bff0cb48a84cb55.png",
    "price": 419,
    "weight": "220 гр.",
    "available": true,
    "created": "2023-10-09T16:58:10.707Z",
    "updated": "2023-10-09T16:58:10.707Z",
    "types": [
      57,
      59
    ]
  }
},
{
  "model": "shop.product",
  "pk": 90,
  "fields": {
    "name": "Картофель фри",
    "slug": "kartofel-fri",
    "characteristics": "Белки\n3 г.\nЖиры\n5 г.\nУглеводы\n23 г.\nКалорийность\n142 кКал",
    "category": 4,
    "image": "products/2023/10/10/f9975aaed4f45a761dc9b75e9367c410.jpeg",
    "price": 179,
    "weight": "120 гр.",
    "available": true,
    "created": "2023-10-09T16:58:10.713Z",
    "updated": "2023-10-09T16:58:10.713Z",
    "types": [
      59
    ]
  }
},
{
  "model": "shop.product",
  "pk": 91,
  "fields": {
    "name": "Сэндвич с беконом",
    "slug": "sendvich-s-bekonom",
    "characteristics": "Белки\n6 г.\nЖиры\n10 г.\nУглеводы\n31 г.\nКалорийность\n234 кКал",
    "category": 4,
    "image": "products/2023/10/10/f44de2916e1f128377188e2f28cea9c5.jpeg",
    "price": 299,
    "weight": "270 гр.",
    "available": true,
    "created": "2023-10-09T16:58:10.725Z",
    "updated": "2023-10-09T16:58:10.725Z",
    "types": [
      2,
      7,
      14,
      15,
      23,
      30,
      35,
      45
    ]
  }
},
{
  "model": "shop.product",
  "pk": 92,
  "fields": {
    "name": "Сэндвич овощной",
    "slug": "sendvich-ovoschnoj",
    "characteristics": "Белки\n4 г.\nЖиры\n8 г.\nУглеводы\n31 г.\nКалорийность\n208 кКал",
    "category": 4,
    "image": "products/2023/10/10/b168e6692d0fe75a31127f4b9873bb89.jpeg",
    "price": 229,
    "weight": "250 гр.",
    "available": true,
    "created": "2023-10-09T16:58:10.738Z",
    "updated": "2023-10-09T16:58:10.738Z",
    "types": [
      2,
      7,
      12,
      14,
      15,
      35,
      37,
      49,
      52
    ]
  }
},
{
  "model": "shop.product",
  "pk": 93,
  "fields": {
    "name": "Сэндвич с курицей",
    "slug": "sendvich-s-kuritsej",
    "characteristics": "Белки\n6 г.\nЖиры\n12 г.\nУглеводы\n29 г.\nКалорийность\n251 кКал",
    "category": 4,
    "image": "products/2023/10/10/ab52cee204f0731d9e74ff192ad1add3.jpeg",
    "price": 299,
    "weight": "250 гр.",
    "available": true,
    "created": "2023-10-09T16:58:10.750Z",
    "updated": "2023-10-09T16:58:10.750Z",
    "types": [
      2,
      3,
      14,
      15,
      21,
      35,
      40
    ]
  }
},
{
  "model": "shop.product",
  "pk": 94,
  "fields": {
    "name": "Ролл Шоколадный",
    "slug": "roll-shokoladnyij",
    "characteristics": "Белки\n8 г.\nЖиры\n20 г.\nУглеводы\n17 г.\nКалорийность\n279 кКал",
    "category": 7,
    "image": "products/2023/10/10/dd120916764c6aa59c4d1b3eed58f824.jpeg",
    "price": 289,
    "weight": "175 гр.",
    "available": true,
    "created": "2023-10-09T16:59:18.253Z",
    "updated": "2023-10-09T16:59:18.253Z",
    "types": [
      66,
      67,
      68,
      69
    ]
  }
},
{
  "model": "shop.product",
  "pk": 95,
  "fields": {
    "name": "Ролл Тропический",
    "slug": "roll-tropicheskij",
    "characteristics": "Белки\n8 г.\nЖиры\n17 г.\nУглеводы\n17 г.\nКалорийность\n251 кКал",
    "category": 7,
    "image": "products/2023/10/10/36e3110cf0e6bf34513325ac0042ee98.jpeg",
    "price": 289,
    "weight": "180 гр.",
    "available": true,
    "created": "2023-10-09T16:59:18.277Z",
    "updated": "2023-10-09T16:59:18.277Z",
    "types": [
      66,
      68,
      70,
      71,
      72,
      73
    ]
  }
},
{
  "model": "shop.product",
  "pk": 96,
  "fields": {
    "name": "Морс облепиховый 100%",
    "slug": "mors-oblepihovyij-100",
    "characteristics": "Углеводы\n10 г.\nКалорийность\n41 кКал",
    "category": 6,
    "image": "products/2023/10/10/31125e681d9e851fad32e657069a31e5.jpeg",
    "price": 119,
    "weight": "0.5 л.",
    "available": true,
    "created": "2023-10-09T17:00:04.258Z",
    "updated": "2023-10-09T17:00:04.258Z",
    "types": [
      74,
      75
    ]
  }
},
{
  "model": "shop.product",
  "pk": 97,
  "fields": {
    "name": "Морс клюквенный 100%",
    "slug": "mors-klyukvennyij-100",
    "characteristics": "Углеводы\n11 г.\nКалорийность\n43 кКал",
    "category": 6,
    "image": "products/2023/10/10/a379fc4a2c9d6e21177cec05a7d6e1ed.jpeg",
    "price": 119,
    "weight": "0.5 л.",
    "available": true,
    "created": "2023-10-09T17:00:04.275Z",
    "updated": "2023-10-09T17:00:04.275Z",
    "types": [
      75,
      76
    ]
  }
},
{
  "model": "shop.product",
  "pk": 98,
  "fields": {
    "name": "Морс смородиновый 100%",
    "slug": "mors-smorodinovyij-100",
    "characteristics": "Углеводы\n10 г.\nКалорийность\n41 кКал",
    "category": 6,
    "image": "products/2023/10/10/e031ff560580cd93a14a6e4acc271911.png",
    "price": 119,
    "weight": "0.5 л.",
    "available": true,
    "created": "2023-10-09T17:00:04.285Z",
    "updated": "2023-10-09T17:00:04.285Z",
    "types": [
      75,
      77
    ]
  }
},
{
  "model": "shop.product",
  "pk": 99,
  "fields": {
    "name": "Зеленый чай со вкусом лимона и мяты",
    "slug": "zelenyij-chaj-so-vkusom-limona-i-myatyi",
    "characteristics": "Углеводы\n10 г.\nКалорийность\n41 кКал",
    "category": 6,
    "image": "products/2023/10/10/873fcc8480f5c4cb50dbd216d5f49f71.jpeg",
    "price": 99,
    "weight": "0.5 л.",
    "available": true,
    "created": "2023-10-09T17:00:04.293Z",
    "updated": "2023-10-09T17:00:04.293Z",
    "types": [
      75,
      77
    ]
  }
},
{
  "model": "shop.product",
  "pk": 100,
  "fields": {
    "name": "Черный чай со вкусом лимона",
    "slug": "chernyij-chaj-so-vkusom-limona",
    "characteristics": "Углеводы\n10 г.\nКалорийность\n41 кКал",
    "category": 6,
    "image": "products/2023/10/10/ec05f9a8d37950b7bd4187818d33fd69.jpeg",
    "price": 99,
    "weight": "0.5 л.",
    "available": true,
    "created": "2023-10-09T17:00:04.298Z",
    "updated": "2023-10-09T17:00:04.298Z",
    "types": [
      75,
      77
    ]
  }
},
{
  "model": "shop.product",
  "pk": 101,
  "fields": {
    "name": "Черный чай со вкусом персика",
    "slug": "chernyij-chaj-so-vkusom-persika",
    "characteristics": "Углеводы\n10 г.\nКалорийность\n41 кКал",
    "category": 6,
    "image": "products/2023/10/10/d764f58ce4d8285db1276d1d4699aa50.jpeg",
    "price": 99,
    "weight": "0.5 л.",
    "available": true,
    "created": "2023-10-09T17:00:04.305Z",
    "updated": "2023-10-09T17:00:04.305Z",
    "types": [
      75,
      77
    ]
  }
},
{
  "model": "shop.product",
  "pk": 102,
  "fields": {
    "name": "Имбирный шейк 1,3л",
    "slug": "imbirnyij-shejk-13l",
    "characteristics": "Углеводы\n10 г.\nКалорийность\n41 кКал",
    "category": 6,
    "image": "products/2023/10/10/9afff04ba103ba8eb595f3d40e395d11.jpeg",
    "price": 179,
    "weight": "1.3 л.",
    "available": true,
    "created": "2023-10-09T17:00:04.313Z",
    "updated": "2023-10-09T17:00:04.313Z",
    "types": [
      75,
      77
    ]
  }
},
{
  "model": "shop.product",
  "pk": 103,
  "fields": {
    "name": "Кола 1,3л",
    "slug": "kola-13l",
    "characteristics": "Углеводы\n10 г.\nКалорийность\n41 кКал",
    "category": 6,
    "image": "products/2023/10/10/728a586ad67b5c5e605ca0a8a2be6b6d.jpeg",
    "price": 179,
    "weight": "1.3 л.",
    "available": true,
    "created": "2023-10-09T17:00:04.320Z",
    "updated": "2023-10-09T17:00:04.320Z",
    "types": [
      75,
      77
    ]
  }
},
{
  "model": "shop.product",
  "pk": 104,
  "fields": {
    "name": "BUBBLE GUM",
    "slug": "bubble-gum",
    "characteristics": "Углеводы\n10 г.\nКалорийность\n41 кКал",
    "category": 6,
    "image": "products/2023/10/10/6c264f11391e95cee8431dc79b71959f.jpeg",
    "price": 109,
    "weight": "0.5 л.",
    "available": true,
    "created": "2023-10-09T17:00:04.326Z",
    "updated": "2023-10-09T17:00:04.326Z",
    "types": [
      75,
      77
    ]
  }
},
{
  "model": "shop.product",
  "pk": 105,
  "fields": {
    "name": "Фьюжн со вкусом арбуза и клубники",
    "slug": "fyuzhn-so-vkusom-arbuza-i-klubniki",
    "characteristics": "Углеводы\n10 г.\nКалорийность\n41 кКал",
    "category": 6,
    "image": "products/2023/10/10/7a3dda7034c148602130955ffb2c6093.jpeg",
    "price": 109,
    "weight": "0.5 л.",
    "available": true,
    "created": "2023-10-09T17:00:04.333Z",
    "updated": "2023-10-09T17:00:04.333Z",
    "types": [
      75,
      77
    ]
  }
},
{
  "model": "shop.product",
  "pk": 106,
  "fields": {
    "name": "Грушевый",
    "slug": "grushevyij",
    "characteristics": "Углеводы\n10 г.\nКалорийность\n41 кКал",
    "category": 6,
    "image": "products/2023/10/10/fd1b093dc6c5d3eb661a2a702363a0ac.jpeg",
    "price": 99,
    "weight": "0.5 л.",
    "available": true,
    "created": "2023-10-09T17:00:04.339Z",
    "updated": "2023-10-09T17:00:04.339Z",
    "types": [
      75,
      77
    ]
  }
},
{
  "model": "shop.product",
  "pk": 107,
  "fields": {
    "name": "Лимонад",
    "slug": "limonad",
    "characteristics": "Углеводы\n10 г.\nКалорийность\n41 кКал",
    "category": 6,
    "image": "products/2023/10/10/eaa2b0fc56184659cbb49c3f7eedc470.jpeg",
    "price": 99,
    "weight": "0.5 л.",
    "available": true,
    "created": "2023-10-09T17:00:04.346Z",
    "updated": "2023-10-09T17:00:04.346Z",
    "types": [
      75,
      77
    ]
  }
},
{
  "model": "shop.product",
  "pk": 108,
  "fields": {
    "name": "Мохито",
    "slug": "mohito",
    "characteristics": "Углеводы\n10 г.\nКалорийность\n41 кКал",
    "category": 6,
    "image": "products/2023/10/10/12910f4b321522f40c7d1a46f04abde3.jpeg",
    "price": 109,
    "weight": "0.5 л.",
    "available": true,
    "created": "2023-10-09T17:00:04.351Z",
    "updated": "2023-10-09T17:00:04.351Z",
    "types": [
      75,
      77
    ]
  }
},
{
  "model": "shop.product",
  "pk": 109,
  "fields": {
    "name": "Фруктовый коктейль",
    "slug": "fruktovyij-koktejl",
    "characteristics": "Углеводы\n10 г.\nКалорийность\n41 кКал",
    "category": 6,
    "image": "products/2023/10/10/191e07ee4296d8335fbe46ec81bf67e4.jpeg",
    "price": 109,
    "weight": "0.5 л.",
    "available": true,
    "created": "2023-10-09T17:00:04.358Z",
    "updated": "2023-10-09T17:00:04.358Z",
    "types": [
      75,
      77
    ]
  }
},
{
  "model": "shop.product",
  "pk": 110,
  "fields": {
    "name": "Тархун",
    "slug": "tarhun",
    "characteristics": "Углеводы\n10 г.\nКалорийность\n41 кКал",
    "category": 6,
    "image": "products/2023/10/10/4edb2e20f3cbe679a81aed8778736447.jpeg",
    "price": 99,
    "weight": "0.5 л.",
    "available": true,
    "created": "2023-10-09T17:00:04.365Z",
    "updated": "2023-10-09T17:00:04.365Z",
    "types": [
      75,
      77
    ]
  }
},
{
  "model": "shop.product",
  "pk": 111,
  "fields": {
    "name": "Тропический микс",
    "slug": "tropicheskij-miks",
    "characteristics": "Углеводы\n10 г.\nКалорийность\n41 кКал",
    "category": 6,
    "image": "products/2023/10/10/8c736abde3da8a5d165e4b01d23e7f19.jpeg",
    "price": 109,
    "weight": "0.5 л.",
    "available": true,
    "created": "2023-10-09T17:00:04.371Z",
    "updated": "2023-10-09T17:00:04.371Z",
    "types": [
      75,
      77
    ]
  }
},
{
  "model": "shop.product",
  "pk": 112,
  "fields": {
    "name": "Экзотик",
    "slug": "ekzotik",
    "characteristics": "Углеводы\n10 г.\nКалорийность\n41 кКал",
    "category": 6,
    "image": "products/2023/10/10/5e9df02bcbde98fa166999f51cd68f6c.jpeg",
    "price": 109,
    "weight": "0.5 л.",
    "available": true,
    "created": "2023-10-09T17:00:04.378Z",
    "updated": "2023-10-09T17:00:04.378Z",
    "types": [
      75,
      77
    ]
  }
},
{
  "model": "shop.product",
  "pk": 113,
  "fields": {
    "name": "Buzz Original",
    "slug": "buzz-original",
    "characteristics": "Углеводы\n10 г.\nКалорийность\n41 кКал",
    "category": 6,
    "image": "products/2023/10/10/02372QzMQIaBrr4GbjyX.jpg",
    "price": 149,
    "weight": "0.5 л.",
    "available": true,
    "created": "2023-10-09T17:00:04.384Z",
    "updated": "2023-10-09T17:00:04.384Z",
    "types": [
      75,
      77
    ]
  }
},
{
  "model": "shop.product",
  "pk": 114,
  "fields": {
    "name": "Buzz Berry",
    "slug": "buzz-berry",
    "characteristics": "Углеводы\n10 г.\nКалорийность\n41 кКал",
    "category": 6,
    "image": "products/2023/10/10/6d863cba3f3e4bc8fbd66bc6c4c17386.jpeg",
    "price": 149,
    "weight": "0.5 л.",
    "available": true,
    "created": "2023-10-09T17:00:04.391Z",
    "updated": "2023-10-09T17:00:04.391Z",
    "types": [
      75,
      77
    ]
  }
},
{
  "model": "shop.product",
  "pk": 115,
  "fields": {
    "name": "Кола",
    "slug": "kola",
    "characteristics": "Углеводы\n10 г.\nКалорийность\n41 кКал",
    "category": 6,
    "image": "products/2023/10/10/32877d09490606d62f1c5cc3f739b6c5.jpeg",
    "price": 109,
    "weight": "0.5 л.",
    "available": true,
    "created": "2023-10-09T17:00:04.398Z",
    "updated": "2023-10-09T17:00:04.398Z",
    "types": [
      75,
      77
    ]
  }
},
{
  "model": "shop.product",
  "pk": 116,
  "fields": {
    "name": "Соус соевый (75 мл)",
    "slug": "sous-soevyij-75-ml",
    "characteristics": "Белки\n3 г.\nУглеводы\n4 г.\nКалорийность\n29 кКал",
    "category": 5,
    "image": "products/2023/10/10/827c634658992aa7a229f3dbdf69389d.jpeg",
    "price": 45,
    "weight": "0.07 л.",
    "available": true,
    "created": "2023-10-09T17:00:38.471Z",
    "updated": "2023-10-09T17:00:38.471Z",
    "types": [
      78
    ]
  }
},
{
  "model": "shop.product",
  "pk": 117,
  "fields": {
    "name": "Соус соевый (250 мл)",
    "slug": "sous-soevyij-250-ml",
    "characteristics": "Белки\n3 г.\nУглеводы\n4 г.\nКалорийность\n29 кКал",
    "category": 5,
    "image": "products/2023/10/10/557fd726230c237193dc54bef34bfd5c.jpeg",
    "price": 99,
    "weight": "0.25 л.",
    "available": true,
    "created": "2023-10-09T17:00:38.481Z",
    "updated": "2023-10-09T17:00:38.481Z",
    "types": [
      78
    ]
  }
},
{
  "model": "shop.product",
  "pk": 118,
  "fields": {
    "name": "Имбирь",
    "slug": "imbir",
    "characteristics": "Белки\n2 г.\nУглеводы\n5 г.\nКалорийность\n28 кКал",
    "category": 5,
    "image": "products/2023/10/10/38c029dde8595a09e0b4f54ce5ff71ba.png",
    "price": 20,
    "weight": "20 гр.",
    "available": true,
    "created": "2023-10-09T17:00:38.489Z",
    "updated": "2023-10-09T17:00:38.489Z",
    "types": [
      79
    ]
  }
},
{
  "model": "shop.product",
  "pk": 119,
  "fields": {
    "name": "Васаби",
    "slug": "vasabi",
    "characteristics": "Белки\n10 г.\nЖиры\n1 г.\nУглеводы\n12 г.\nКалорийность\n92 кКал",
    "category": 5,
    "image": "products/2023/10/10/4bcad0add80f47b5e8f73515a2fb8888.jpeg",
    "price": 20,
    "weight": "15 гр.",
    "available": true,
    "created": "2023-10-09T17:00:38.498Z",
    "updated": "2023-10-09T17:00:38.498Z",
    "types": [
      80
    ]
  }
},
{
  "model": "shop.product",
  "pk": 120,
  "fields": {
    "name": "Ореховый соус",
    "slug": "orehovyij-sous",
    "characteristics": "Белки\n2 г.\nЖиры\n38 г.\nУглеводы\n14 г.\nКалорийность\n406 кКал",
    "category": 5,
    "image": "products/2023/10/10/377c14bd3780183e96532f27b14d21f1.jpeg",
    "price": 60,
    "weight": "30 гр. 1 шт.",
    "available": true,
    "created": "2023-10-09T17:00:38.512Z",
    "updated": "2023-10-09T17:00:38.512Z",
    "types": [
      2,
      9,
      63,
      81,
      82,
      83,
      84
    ]
  }
},
{
  "model": "shop.product",
  "pk": 121,
  "fields": {
    "name": "Соус спайси",
    "slug": "sous-spajsi",
    "characteristics": "Белки\n0 г.\nЖиры\n54 г.\nУглеводы\n4 г.\nКалорийность\n507 кКал",
    "category": 5,
    "image": "products/2023/10/10/50509bb97e4142f4adeb5741325e4015.jpeg",
    "price": 45,
    "weight": "30 гр. 1 шт.",
    "available": true,
    "created": "2023-10-09T17:00:38.521Z",
    "updated": "2023-10-09T17:00:38.521Z",
    "types": [
      37,
      85,
      86
    ]
  }
},
{
  "model": "shop.product",
  "pk": 122,
  "fields": {
    "name": "Соус терияки",
    "slug": "sous-teriyaki",
    "characteristics": "Белки\n3 г.\nУглеводы\n39 г.\nКалорийность\n166 кКал",
    "category": 5,
    "image": "products/2023/10/10/9d968bff82e51fe5821801b418bd7ab9.jpeg",
    "price": 50,
    "weight": "30 гр. 1 шт.",
    "available": true,
    "created": "2023-10-09T17:00:38.530Z",
    "updated": "2023-10-09T17:00:38.530Z",
    "types": [
      87
    ]
  }
},
{
  "model": "shop.product",
  "pk": 123,
  "fields": {
    "name": "Соус Тар-тар",
    "slug": "sous-tar-tar",
    "characteristics": "Белки\n1 г.\nЖиры\n44 г.\nУглеводы\n4 г.\nКалорийность\n411 кКал",
    "category": 5,
    "image": "products/2023/10/10/7b5a21ae51671ce1a682e2455b20e360.jpeg",
    "price": 45,
    "weight": "30 гр.",
    "available": true,
    "created": "2023-10-09T17:00:38.538Z",
    "updated": "2023-10-09T17:00:38.538Z",
    "types": [
      6,
      37,
      64,
      65
    ]
  }
},
{
  "model": "shop.product",
  "pk": 124,
  "fields": {
    "name": "Соус Кетчуп",
    "slug": "sous-ketchup",
    "characteristics": "Белки\n1 г.\nЖиры\n44 г.\nУглеводы\n4 г.\nКалорийность\n411 кКал",
    "category": 5,
    "image": "products/2023/10/10/c8c49a5d68875d675d9104ea60503f5a.jpeg",
    "price": 45,
    "weight": "30 гр.",
    "available": true,
    "created": "2023-10-09T17:00:38.545Z",
    "updated": "2023-10-09T17:00:38.545Z",
    "types": [
      6,
      37,
      64,
      65
    ]
  }
},
{
  "model": "shop.product",
  "pk": 125,
  "fields": {
    "name": "Соус Барбекью",
    "slug": "sous-barbekyu",
    "characteristics": "Белки\n1 г.\nЖиры\n44 г.\nУглеводы\n4 г.\nКалорийность\n411 кКал",
    "category": 5,
    "image": "products/2023/10/10/07704218679f80fbcc484d59d11baa95.jpeg",
    "price": 55,
    "weight": "30 гр.",
    "available": true,
    "created": "2023-10-09T17:00:38.552Z",
    "updated": "2023-10-09T17:00:38.552Z",
    "types": [
      6,
      37,
      64,
      65
    ]
  }
},
{
  "model": "coupons.coupon",
  "pk": 1,
  "fields": {
    "code": "PICKUP",
    "valid_from": "2023-10-12T19:11:34Z",
    "valid_to": "2024-08-01T19:11:43Z",
    "discount": 15,
    "description": "При самовывозе скидка 15%",
    "image": "products/2023/10/12/SushiBanner.png",
    "price": "0.00",
    "active": true
  }
},
{
  "model": "coupons.coupon",
  "pk": 2,
  "fields": {
    "code": "SQ25S5",
    "valid_from": "2023-10-12T19:41:56Z",
    "valid_to": "2025-01-09T19:41:58Z",
    "discount": 10,
    "description": "При заказе от 1000руб скидка 10%",
    "image": "products/2023/10/12/10.jpg",
    "price": "1000.00",
    "active": true
  }
},
{
  "model": "coupons.coupon",
  "pk": 3,
  "fields": {
    "code": "TYF52D",
    "valid_from": "2023-10-12T19:43:09Z",
    "valid_to": "2024-06-13T19:43:16Z",
    "discount": 15,
    "description": "При заказе от 1500руб скидка 15%",
    "image": "products/2023/10/12/15.jpg",
    "price": "1500.00",
    "active": true
  }
},
{
  "model": "coupons.coupon",
  "pk": 4,
  "fields": {
    "code": "B62LHP",
    "valid_from": "2023-10-12T19:43:43Z",
    "valid_to": "2024-06-13T19:43:47Z",
    "discount": 20,
    "description": "При заказе от 2000руб скидка 20%",
    "image": "products/2023/10/12/20.jpg",
    "price": "2000.00",
    "active": true
  }
}
]
